address,rank,holding_eth,inr_value,dollar_val
0xef764bac8a438e7e498c2e5fccf0f174c3e3f8db,1,535345300.865027,"₹11,56,97,75,57,32,347.90",1550809681357.845
0x55faf0e5e6e532b1c5799bdeec1a0f193e54a92d,5,50820015.09135557,"₹1,09,83,12,00,21,513.58",147217452517.24246
0xa99a76dddbb9678bc33f39919bc76d279c680c89,7,39483536.36025669,"₹85,33,10,29,11,105.96",114377487469.846
0x69c488bcda156379b6661f08a35db627e5d467dd,8,35623396.08027905,"₹76,98,85,71,14,077.75",103195278701.19557
0x2e675eeae4747c248bfddbafaa3a8a2fdddaa44b,9,33498619.914606187,"₹72,39,65,47,38,704.86",97040142113.4278
0x0f0eae91990140c560d4156db4f00c854dc8f09e,14,25052121.99419865,"₹54,14,21,45,01,142.22",72571989077.67442
0x020ca66c30bec2c4fe3861a94e4db4a498a35872,18,19339083.736559026,"₹41,79,52,40,98,977.66",56022231331.41365
0xe301612b0751f6d862a27be205fb8e3c40c8c6db,21,18301154.81194136,"₹39,55,20,89,75,647.14",53015517305.42421
0x7eb413211a9de1cd2fe8b8bb6055636c43f7d206,25,15708444.377729237,"₹33,94,87,75,82,026.09",45504850011.18117
0xf1ddb5dacc5a916842aae0a6fbe59c36f97bd940,26,15658914.9536006,"₹33,84,17,33,81,942.25",45361371194.18836
0xce90a7949bb78892f159f428d0dc23a8e3584d75,27,15420253.648441365,"₹33,32,59,43,77,993.85",44670007578.95089
0x1f4a3a9eb3f26b48ef4cdd46f57016324e3ba0ea,28,14841542.324258137,"₹32,07,52,44,44,034.02",42993573466.60394
0x505d79c7379ee65b6c2d6d18a0e7ab901b00756c,29,13807995.511148341,"₹29,84,15,63,73,878.36",39999553716.51496
0x716eb921f3b346d2c5749b5380dc740d359055d7,30,12442201.50839372,"₹26,88,98,37,05,591.03",36043067017.575264
0x54a973a5da508d551edf9ee50842e7c36faa1d87,31,12273121.065937266,"₹26,52,44,23,78,528.23",35553268028.64971
0xe052113bd7d7700d623414a0a4585bcae754e9d5,36,11006645.234994803,"₹23,78,73,41,54,896.61",31884490182.542347
0x4c1194386e121566b79d1f1dac9ef282348f04f3,37,10316278.57061043,"₹22,29,53,34,92,123.18",29884608414.48712
0xb76a622c7fadbe11c415d141fd7b9eb4b1f414b9,38,10276889.072067596,"₹22,21,02,07,12,477.10",29770503339.528297
0x6ec30fd91a504aad948839b985c7263888b2ad68,40,9965262.185499163,"₹21,53,67,25,33,005.71",28867770109.4414
0xf605c6c3caa1606afad60cfef1d37f76721640d7,41,9660571.705116918,"₹20,87,82,34,35,766.46",27985130538.250896
0x0a8f4037729accb854da856431a87b8a264d8c40,44,9551120.898586463,"₹20,64,16,91,46,360.71",27668069063.86121
0xb3ee5011a7965905cde351ea4905ff4725189a3b,45,9461067.934883842,"₹20,44,70,70,79,951.23",27407200036.48891
0xb0dafc466871c29662e5cbf4227322c96a8ccbe9,46,9446538.373817485,"₹20,41,56,69,80,272.69",27365110222.809444
0x052564eb0fd8b340803df55def89c25c432f43f4,48,9352865.52625651,"₹20,21,32,25,91,803.50",27093754971.080906
0x56178626332fc530561535eeaa914b863aa455f2,49,9079093.499486012,"₹19,62,15,55,28,921.92",26300681213.05106
0xcfc50541c3deaf725ce738ef87ace2ad778ba0c5,50,9011541.192511672,"₹19,47,55,62,59,443.24",26104992988.115513
0x50664ede715e131f584d3e7eaabd7818bb20a068,51,8988851.941809928,"₹19,42,65,27,03,960.08",26039265859.112675
0xf4b4a58974524e183c275f3c6ea895bc2368e738,54,8812251.813815963,"₹19,04,48,62,37,498.28",25527683544.334633
0x7b8961f67382c51c389726667ef7dd7cf95fefd3,55,8765492.194387386,"₹18,94,38,06,42,066.61",25392228408.389156
0xd761146b10fc5c14fbfbd04801abbd4dcf758fa2,56,8764389.329817567,"₹18,94,14,22,93,181.51",25389033586.18872
0xd387a6e4e84a6c86bd90c158c6028a58cc8ac459,57,8740958.00835028,"₹18,89,07,83,62,848.65",25321156796.909424
0x6639c089adfba8bb9968da643c6be208a70d6daa,58,8583710.387528991,"₹18,55,09,43,21,531.99",24865635599.009483
0x21faa7406de0e6f99c313375b4e0dcad3ea38e2a,59,8294287.48104533,"₹17,92,54,48,21,828.55",24027223746.591354
0xc803698a4be31f0b9035b6eba17623698f3e2f82,60,8257172.337644473,"₹17,84,52,35,71,267.05",23919707114.582016
0x7a9fe22691c811ea339d9b73150e6911a5343dca,61,8211622.634949157,"₹17,74,67,94,60,619.94",23787756913.82612
0x896848ad1a2094b874daf951d249ce0115afb6bf,63,7829782.698499357,"₹16,92,15,69,77,234.28",22681627712.32088
0x80845058350b8c3df5c3015d8a717d64b3bf9267,64,7736733.335948603,"₹16,72,04,73,35,098.54",22412078596.90935
0x6341ce65a3171bec75bf6eba33eeea4a9ba59737,66,7493412.47537107,"₹16,19,46,13,17,352.24",21707216995.15393
0xd6a984153acb6c9e2d788f08c2465a1358bb89a7,67,7349694.165347167,"₹15,88,40,12,03,626.50",21290888045.94429
0xdf37ac79f8e9b698c4ab57d30a41e7f272331391,69,7246686.095560441,"₹15,66,13,93,05,600.33",20992490149.06331
0x6491bce963fcae210b7c843c4829202dc2479c03,70,6954244.006491996,"₹15,02,93,73,06,195.04",20145332207.766277
0x6c0cf880cb20eefabfb09341fba9e2bd29ad3dfa,71,6906341.6254405305,"₹14,92,58,47,39,406.96",20006566674.241146
0xb32b4350c25141e779d392c1dbe857b62b60b4c9,72,6811744.291217475,"₹14,72,14,05,52,729.34",19732533332.57043
0xec90215396fd13d3e847901580f4085ca097526c,73,6801248.069185277,"₹14,69,87,21,30,216.18",19702127456.73868
0x32dd0756316b31d731aa6ae0f60b9b560e0ed92c,75,6749694.994730645,"₹14,58,73,05,82,871.20",19552786448.535522
0xff3879b8a363aed92a6eaba8f61f1a96a9ec3c1e,76,6724303.416270956,"₹14,53,24,30,05,717.65",19479231108.390358
0x0845fc89c51b2bcd1c3b0db9dbca497d641ec7d3,77,6724153.640840623,"₹14,53,21,06,36,551.19",19478797232.93275
0x83e551e48158136df20eaf9554a669a2dba574ba,80,6403007.862307895,"₹13,83,80,52,53,186.26",18548489295.848003
0x9df947cd8a9810964473339c38a95201ecbe112d,81,6332412.461486607,"₹13,68,54,83,16,351.56",18343985714.93286
0x31a47094c6325d357c7331c621d6768ba041916e,82,6243984.705926798,"₹13,49,43,74,86,675.49",18087824655.516987
0xb70c1a3242e363b4772b83acdc10df94e6c3fb02,83,6177351.629110966,"₹13,35,03,68,79,380.20",17894799293.27381
0x32b8bfad45b330b81899df23ff6aac609781ce56,84,6066558.18215794,"₹13,11,09,24,21,211.61",17573848404.40241
0x702a39a9d7d84c6b269efaa024dff4037499bba9,85,6065704.5226828195,"₹13,10,90,79,30,033.17",17571375489.4885
0x024bcbcaad82e67f721799e259ca60bc7d363419,86,6007298.75212943,"₹12,98,28,53,91,712.71",17402183317.118618
0x9c5083dd4838e120dbeac44c052179692aa5dac5,87,5963389.764998972,"₹12,88,79,58,69,232.05",17274986006.839622
0xc2baa32b57a91b81d35ef3052319873bbd16cd12,88,5948516.911925334,"₹12,85,58,15,77,971.48",17231901731.141785
0x5f5140a6b5821bd505ea4d92b4cd62136a1e24f6,89,5946061.748360432,"₹12,85,05,09,72,932.16",17224789515.120434
0xb4af0a1ba9e4a0f1457c3009a8f9345cd9ec407b,90,5898354.5689543225,"₹12,74,74,05,92,733.27",17086589449.52964
0xf6764f702650eb66b2bd7368e2fef7133a8f4f80,91,5898310.80419521,"₹12,74,73,11,34,381.06",17086462670.024855
0x7811c6a535ddff8f86bfdeade882e744bc9fe380,92,5844980.503422821,"₹12,63,20,54,96,438.73",16931973321.535366
0xff4c60814adc5ee4cdf9a57e0944b1e4678ff09c,93,5802372.114906628,"₹12,53,99,70,56,729.39",16808543637.346117
0xea21f098cf953db2a237a5c3bf783f9a8a63712f,94,5742298.779845071,"₹12,41,01,41,27,702.56",16634520797.406397
0xd75233704795206de38cc58b77a1f660b5c60896,96,5703904.7601823,"₹12,32,71,64,88,961.08",16523299465.486494
0x50dd57f50a17d57304e7a4f262da30beb31c2e87,97,5668249.321852007,"₹12,25,01,07,06,940.01",16420011365.51377
0x8ffa85a0c59cf23967eb31c060b2ca3a920276e1,98,5586706.098187898,"₹12,07,38,77,48,528.17",16183793693.474632
0xf3bfe0bb0dab720ea251dde573fe1d16c9145e1e,99,5582246.060665947,"₹12,06,42,38,54,139.00",16170873678.379543
0xb84b9c91357b0029658064989007a6654868c47f,101,5388090.136087395,"₹11,64,46,32,64,030.94",15608435029.82341
0xf36972bbff0bb63dbc8f2c8a93625647b32e024b,102,5367498.54424584,"₹11,60,01,30,50,385.32",15548784482.91312
0x84abb6c94713d77970b7dcc3143412585ba6c4d9,103,5364050.284485477,"₹11,59,26,78,19,382.43",15538795426.10891
0x0e9aed5c7721c642a032812c2c4816f7d6cb87d7,104,5321946.027209202,"₹11,50,16,83,31,508.40",15416826129.460705
0x851ce1b1e0ca5294ddc049920816b507512f623c,106,5225907.843830123,"₹11,29,41,27,51,392.88",15138618878.320852
0x86292f24afffe8d4159282980db89e8ef4b92b0a,107,5211477.857428516,"₹11,26,29,41,71,591.74",15096817516.513224
0x3612b2e93b49f6c797066ca8c38b7f522b32c7cb,108,5188873.382245077,"₹11,21,40,89,37,624.04",15031335968.62283
0x815e9e1d43832cecacbe23ad69d1664d9da12d37,109,5170587.12765291,"₹11,17,45,69,48,854.09",14978363614.870056
0x4be52934b8464b887a2ff04aa02fa1a3fb9584a5,110,5133455.443544646,"₹11,09,43,21,23,547.98",14870799067.077873
0xbd4fd6759d77e3a3bcd4d838adbe41fd38829d8a,111,5117838.230478799,"₹11,06,05,69,62,694.62",14825558499.580204
0x61d9d9cc8c3203dab7100ea79ced77587201c990,112,5083966.446517153,"₹10,98,73,66,60,488.39",14727437360.92875
0x762ec7ca4658e76002447b0a29e1f44f575dbebc,113,5068079.621982119,"₹10,95,30,32,31,743.53",14681415772.142683
0x9df6a358688ccdc2a955568a05aacac7a998a319,114,5020412.27469644,"₹10,85,00,14,59,982.85",14543331093.831636
0x362b638b43f767350ac0a01b67baad825c108f3d,115,4977951.012333653,"₹10,75,82,48,16,883.52",14420327610.56862
0x5382859146010ac16e142b6708f8e178e77f66bc,116,4823996.02138094,"₹10,42,55,23,72,148.81",13974344634.577164
0x9769334fc882775f4951865aa473481880669d47,117,4816655.2408933295,"₹10,40,96,58,97,351.38",13953079568.029434
0xe4bbcbff51e61d0d95fcc5016609ac8354b177c4,118,4810284.519863592,"₹10,39,58,90,69,863.88",13934624608.52165
0x066317b90509069eb52474a38c212508f8a1211c,119,4804416.2629564395,"₹10,38,32,08,33,917.62",13917625207.182734
0x8ad272ac86c6c88683d9a60eb8ed57e6c304bb0c,120,4760718.655673014,"₹10,28,87,69,94,426.74",13791040230.499815
0x9e427ebcca41cd9423516e0c19769ca1a1f2fc25,121,4756149.647857774,"₹10,27,88,95,49,595.73",13777804545.900314
0xf52393e120f918ffba50410b90a29b1f8250c879,123,4733029.222522822,"₹10,22,89,28,09,513.19",13710828372.973013
0x3ba53cea97bfff5a303ffc66dc4f390383bcd62e,124,4679576.158787925,"₹10,11,34,06,40,284.93",13555983399.823214
0x2079c29be9c8095042edb95f293b5b510203d6ce,125,4665528.610735676,"₹10,08,30,47,12,294.97",13515289900.723537
0x2b941072f0cc2ad3189b6e65bf5984faeb754f5d,126,4586153.091297825,"₹9,91,15,02,33,785.10",13285351720.995192
0x1dbd23376015a8a624e5a9ad8040a3159eae7a12,127,4583172.640282184,"₹9,90,50,61,04,672.50",13276717831.275042
0xffa914c83d851b9fe372e4ba6a6e131373aa16ab,128,4545713.285579584,"₹9,82,41,04,63,852.89",13168204074.198362
0xd7301f48c9924a566ee2906f1b7ed28ff3a36c3f,129,4519714.4877771465,"₹9,76,79,16,55,669.42",13092889716.77235
0xeee5eb24e7a0ea53b75a1b9ad72e7d20562f4283,130,4496538.848913516,"₹9,71,78,29,82,949.49",13025753599.08663
0xed47015bb8080b9399f9d0ddfc427b9cee2caab1,133,4453790.385570554,"₹9,62,54,42,70,548.74",12901918140.536205
0xf2ef5636b38ecf46324ac97957a514beda674d7d,134,4446419.39090803,"₹9,60,95,12,65,924.26",12880565548.358017
0x91338ccfb8c0adb7756034a82008531d7713009d,135,4427970.896233313,"₹9,56,96,42,14,152.15",12827123211.04451
0x76fb2ebe429514ee4985a3ded3d9c6c34e963dad,136,4378994.220489252,"₹9,46,37,94,72,943.70",12685245617.682087
0x7cd3fc0e4ef95897f9b8db951dfc075cc924ebbe,137,4366337.00061715,"₹9,43,64,40,19,899.38",12648579676.867786
0x994f16b760e5549bda0e8c9adab0809552452e76,139,4346110.882879573,"₹9,39,27,27,91,786.17",12589987849.960863
0xeae448e1537aa3c6b2a37e2ab26bba7ca2de9436,140,4343345.974864991,"₹9,38,67,52,45,395.87",12581978353.827902
0x51636d9efbfb79631824dd6107d54f2dcf548359,144,4272042.496267891,"₹9,23,26,52,80,208.42",12375423584.888678
0xab6ca2017548a170699890214bfd66583a0c1754,145,4232888.510762879,"₹9,14,80,33,99,169.05",12262000753.518337
0xebeaa2cfda253b0df33a10eaf58a399d0d00a781,147,4217341.33940724,"₹9,11,44,33,75,590.01",12216963085.64847
0x208b82b04449cd51803fae4b1561450ba13d9510,148,4213582.661581795,"₹9,10,63,10,57,655.73",12206074797.376606
0xc585d35fb8c9d136d6443a30fd88ccbb5f4cb86d,149,4191716.2965172855,"₹9,05,90,53,42,570.72",12142731436.403133
0x739e2c99f019cc1de501460db50cb54b9f7835a1,150,4157023.5153744756,"₹8,98,40,76,08,095.70",12042232000.277397
0xd68c599a549e8518b2e0dab9cd437c930ac2f12b,152,4133049.2009905465,"₹8,93,22,63,27,219.67",11972782247.397455
0xb0161d9457f9e4ebee1bf700daa0001126158c68,155,4080215.8132402115,"₹8,81,80,80,81,125.85",11819732376.426775
0xc24f574d6853f6f6a31c19d468a8c1b3f31c0e54,156,4077900.503139127,"₹8,81,30,77,00,937.42",11813025293.51355
0x4a90e18f3e90074a820532a3da62b347ea86711b,157,4038306.7704855367,"₹8,72,75,07,82,623.79",11698328585.013323
0xea39c551834d07ee2ee87f1ceff843c308e089af,158,4022022.770724749,"₹8,69,23,15,17,163.49",11651156443.146282
0x78f0269f5b1ca914c8c58993f41181f89e212b27,159,3999340.893344238,"₹8,64,32,95,55,187.77",11585450673.475323
0xf76ebe6341dd9dc880596ee1cccffb4938db14e3,160,3997789.104537261,"₹8,63,99,41,85,694.38",11580955389.58772
0x696ed7b26f4b019ceec78dc8b9140ad64a6f354b,161,3965602.9675029214,"₹8,57,03,81,82,130.80",11487717300.381163
0x4897d38b0974051d8fa34364e37a5993f4a966a5,162,3959457.318948055,"₹8,55,70,99,96,856.42",11469914339.821486
0x7bef8662356116cb436429f47e53322b711f4e42,163,3957114.2238796465,"₹8,55,20,36,11,836.42",11463126768.303516
0x902e77345b7baf9aba47c4febdb210406995a88d,164,3953905.631399119,"₹8,54,51,01,77,246.71",11453831989.262224
0xec7641e298af02c19171451381c570327389b0c2,165,3948945.0851328955,"₹8,53,43,81,13,908.75",11439462080.416378
0x999e77c988c4c1451d3b1c104a6cca7813a9946e,167,3894646.346231115,"₹8,41,70,31,79,054.78",11282167321.616144
0x905f48cbaaaf881dbee913ce040c3b26d3bbc6d9,168,3859277.706104512,"₹8,34,05,93,79,287.89",11179710030.151794
0x3b93cbfb99560ab275827d502c49d57a0e5ec5ce,169,3849926.355876298,"₹8,32,03,83,84,179.27",11152620664.756697
0x1c012b03f1c2dea274d2eeeb566b0eeabfe3af1a,170,3848754.130834686,"₹8,31,78,50,45,247.73",11149224916.367153
0x6fdc859bfad3bc680647c8c58530faa039e1fc03,172,3835163.1882865853,"₹8,28,84,77,97,926.12",11109854130.356112
0x667f565a40b7596358ed338331a206d914f6c9d7,173,3825603.891494975,"₹8,26,78,18,61,822.11",11082162377.038303
0x48c3f2762c9e811bbc2e5dfbe0bb6bd36dec5247,174,3769482.6893601334,"₹8,14,65,30,59,859.13",10919588233.84601
0x5c5e96b31e1a65207369c9d528114b580708e25a,175,3719437.679861914,"₹8,03,83,74,32,496.40",10774615848.531187
0xb5696e4057b9ba76616cecb5a537eaca7b3cdf54,176,3709678.6092863167,"₹8,01,72,83,21,681.74",10746345382.524975
0xe6563194f9baa6e3064086a98bf73608fc17cbfd,178,3672907.91095702,"₹7,93,78,15,11,900.21",10639826552.776733
0x54be3a794282c030b15e43ae2bb182e14c409c5e,179,3666670.41725741,"₹7,92,43,34,77,236.84",10621757531.527956
0xbec69dfce4c1fa8b7843fee1ca85788d84a86b06,180,3663441.54189544,"₹7,91,73,56,59,151.36",10612403996.224386
0xe13756351f9cbc45ad6c4da1542faed0ee1a7526,181,3638973.2472395953,"₹7,86,44,76,20,246.93",10541523261.53355
0x2e5e227280b1d5ee28500a9000296c112dc8efc5,182,3636242.450212856,"₹7,85,85,74,45,855.10",10533612579.47461
0x34978faf3a9f469da7248d1365ddf69ac099588c,183,3625817.1518406086,"₹7,83,60,43,51,221.49",10503412158.137949
0x0d93bc9654df5a50e0e65df55d09ba7b47fb95cd,184,3574023.9036833583,"₹7,72,41,08,98,016.24",10353375405.146101
0x9b37bc499de5e675063695211618f3cd64a1b9fc,185,3573473.5469739866,"₹7,72,29,19,56,024.92",10351781109.816124
0x0ed1e02164a2a9fad7a9f9b5b9e71694c3fad7f2,186,3544496.3613740844,"₹7,66,02,94,64,627.44",10267838839.482903
0x160590f7ca4b5734b4001b8ce65b4b24b2c9b3f8,187,3536659.8879314233,"₹7,64,33,58,61,659.96",10245137829.755264
0xedad6b7434acd68ed2814ef961d2164029adb316,188,3528468.1468995353,"₹7,62,56,54,78,971.63",10221407666.66445
0xda5921614a824a6cc187175750b8b3dcb4dbe67d,189,3487663.1200299235,"₹7,53,74,67,78,174.63",10103202032.627483
0x3432b45b9ee95bd5c31a726b936cf2ec719a2153,190,3464605.5748098227,"₹7,48,76,36,27,616.75",10036408013.332087
0x8691fdd1923e99ec8e43df85c4b969205a96338a,191,3435220.17184115,"₹7,42,41,29,13,097.97",9951283202.596317
0x09d4083ffd20d21acb9118465ad7c52ac8b548f7,192,3429958.004793497,"₹7,41,27,56,64,079.96",9936039546.605993
0x231d688aa706ddecb8300f85bee23bf5a9202fef,193,3373358.4996478227,"₹7,29,04,34,92,226.89",9772079836.119799
0x57a1290bb834644cd65dfa7dc257054a502e2893,194,3358295.057558053,"₹7,25,78,80,11,249.33",9728443454.53647
0x3284a7c3c5a20bdd33f28d5c2bcfccc2c2514049,195,3346364.5646371664,"₹7,23,20,96,16,980.26",9693882725.42353
0x6141f8612592505e21d4c920332e69f58e9013cf,196,3325517.4102067174,"₹7,18,70,41,71,659.06",9633491854.583227
0x783ca9833d58a6b39ee72db81f07571d72c0064e,197,3313437.0456379578,"₹7,16,09,33,87,429.18",9598496971.285862
0xfe2f279d3679bac2d07cf46c93503410ef9ca448,198,3301557.0849282998,"₹7,13,52,59,14,080.53",9564082625.903696
0x073ff66ec93c4ddd98edafeaecd677a7ef61f000,199,3298655.367125614,"₹7,12,89,88,00,632.45",9555676813.704165
0xda0da0da0da0a77740bb62c5c9d45423533d0ce2,200,3289742.486999401,"₹7,10,97,25,66,805.34",9529857626.039345
0x04fd71a7c80dee02cec42ca7c6941d0940cbf55f,201,3289521.989713548,"₹7,10,92,49,13,372.91",9529218880.681795
0x01db485f57dc000e761b85641f78c9d212a2eeab,202,3267777.6078207404,"₹7,06,22,55,61,047.00",9466228885.439434
0x336a447b2e382dde1cff3532c8218e1f57757a7d,203,3266124.786560718,"₹7,05,86,83,56,621.93",9461440926.70055
0xff0bd4aa3496739d5667adc10e2b843dfab5712b,204,3263122.249176134,"₹7,05,21,94,54,247.45",9452743056.303392
0xcc46efe392d56c63a8e3cdef633bd546d76d45f0,205,3255118.9969161716,"₹7,03,48,98,07,375.53",9429558915.026644
0x3ee505ba316879d246a8fd2b3d7ee63b51b44fab,206,3243929.677883572,"₹7,01,07,15,94,124.84",9397145248.080248
0x2d8d75d4ba64efda74eead05ac6127df4e46efa9,207,3242726.1221986827,"₹7,00,81,14,84,077.34",9393658739.830032
0x2debdf4427ccbcfdbc7f29d63964499a0ec184f6,208,3240976.9324915847,"₹7,00,43,34,52,696.22",9388591617.118923
0x96a6913b41b99e0f20b27148677ccdeebb16ea06,211,3233185.9037951264,"₹6,98,74,96,71,156.40",9366022253.549875
0x65ba4f92d7dfa813ddbd849d9faf38a723dd9b12,212,3185387.4275157293,"₹6,88,41,95,60,059.84",9227557715.524666
0xe9562d66f405bfeb5b40b00733279d9151dcf808,213,3165436.4750154447,"₹6,84,10,78,00,107.39",9169762998.283741
0x84d34f4f83a87596cd3fb6887cff8f17bf5a7b83,214,3128692.1568897534,"₹6,76,16,66,91,562.70",9063320587.764513
0x113d754ff2e6ca9fd6ab51932493e4f9dabdf596,215,3120490.3030192507,"₹6,74,39,41,23,307.91",9039561129.398287
0x6f4a2d3a4f47f9c647d86c929755593911ee91ec,216,3118664.1227015955,"₹6,73,99,94,52,870.02",9034270977.20689
0xe1d29d0a39962a9a8d2a297ebe82e166f8b8ec18,217,3108368.7760842047,"₹6,71,77,44,43,149.77",9004447005.311768
0xe203882039bf2ae11fa04f52e885bde164d17112,218,3105362.6497766753,"₹6,71,12,47,65,144.44",8995738738.379065
0xb0449ec1a8a60f95322617d6ed52e1ba1a7beb49,219,3099716.2308130045,"₹6,69,90,44,72,370.84",8979381966.068344
0xf142d7baff0986b50ae24e694419c65e7091f52c,221,3076778.2277699583,"₹6,64,94,71,57,029.19",8912934241.333126
0x43a330dec81bbd5e21f41c6b8354e54d481efc93,221,3076808.0778492084,"₹6,64,95,36,08,168.62",8913020712.236702
0x996e1d4ce3e1e558889832832004b2466153adbe,222,3071976.848357523,"₹6,63,90,94,92,513.33",8899025413.396008
0xda6bf1dc76d4f166472cf329ead6a19d19be72aa,223,3069700.1026784065,"₹6,63,41,74,46,790.65",8892430045.442915
0x1e3685ee600983bac782b182f245efd3bbb26455,225,3049697.854214868,"₹6,59,09,46,00,857.21",8834486732.0038
0xa4c8d9e4ec5f2831701a81389465498b83f9457d,226,3047583.484251492,"₹6,58,63,76,47,449.46",8828361740.519093
0x0820f4612c4f657354ee9b30008ed307a2bceea7,227,3047024.29809848,"₹6,58,51,67,97,256.45",8826741867.7036
0xd049b3064990869c9f73bd7896271d83325d2067,228,3045812.089884819,"₹6,58,25,48,17,241.73",8823230294.461939
0x011c23b3aadaf3d4991f3abee262a34d18e9fdb5,229,3030933.1350387894,"₹6,55,03,92,07,278.31",8780128342.905767
0x231cc1263946ff9438a7d63836f7aa5f4ff7e7b0,230,3028132.512160449,"₹6,54,43,39,42,263.09",8772015386.526875
0xe0268949232a2fb9099f31faca947c12ffb54f89,236,2997884.9251708756,"₹6,47,89,68,94,258.08",8684392966.632
0x75b9a53e647b87c040037e26069a98d4c41fcff2,233,3021964.738641595,"₹6,53,10,09,75,385.74",8754148333.486519
0x485248150969e92b460508b5c8c7e866ed7fae75,234,3016003.4500017557,"₹6,51,81,26,33,607.48",8736879434.103086
0xbb416feca6c36a13e7848eaeab0099d02a3440b4,235,3009592.6966479113,"₹6,50,42,71,54,414.15",8718308507.357536
0x940fec5c4f11fec325b7ee07be152be19b62e276,236,3008302.9270919817,"₹6,50,14,84,11,997.26",8714572251.317137
0xdab34a1b004a687f9b70e8db73b10a0db6a2705f,237,2986227.453791111,"₹6,45,37,75,04,858.43",8650623137.240242
0x04c36d1373b69177f311c2e27fea6ed61a3b84b1,238,2984699.0906547923,"₹6,45,04,71,98,074.13",8646195713.772429
0xf224837e13b1a745574ef68a73427b0063f266f1,240,2978425.0423571216,"₹6,43,69,12,63,304.14",8628020799.701805
0xb4bb4156e5e6ca5d81041f616c27dffb253b7845,241,2977482.79386559,"₹6,43,48,76,26,444.64",8625291256.581596
0x7500935c3c34d0d48e9c388b3dffa0abbda52633,243,2960838.762414406,"₹6,39,89,05,51,655.48",8577076160.512548
0xa2879b11d45e53e6c0a9a3738674a1fd6bbad5c7,244,2960732.2210629024,"₹6,39,86,75,26,151.67",8576767527.263859
0x0743882fa09a0c257b18d53dc1b101d3f32a04e5,245,2955975.992301894,"₹6,38,83,96,19,504.30",8562989493.539819
0x51e9a3dd530bba62f5238562cd60c42d722a40d9,246,2953035.422284288,"₹6,38,20,41,09,393.24",8554471132.690017
0x9e67d018488ad636b538e4158e9e7577f2ecac12,247,2951350.2651242083,"₹6,37,83,99,16,598.11",8549589502.022412
0x718a085f6d45a955395881bceff30ec97ffb1013,248,2948528.988460796,"₹6,37,23,01,87,928.17",8541416714.932773
0x05a8f64ffc9f1a2998940d2a16c6e2eea4a97bbd,249,2947637.5107839378,"₹6,37,03,75,23,555.60",8538834246.739343
0x4655b5df7cc14cbeb42ef2f5463ad63045517706,250,2945641.823783962,"₹6,36,60,62,19,672.54",8533053060.810333
0x2f8256b67828031c61af789124f2c4f642461de0,251,2908134.446197994,"₹6,28,50,02,00,243.42",8424400189.124198
0x3e5bde633de8134bcd38365085a7e975228da588,252,2907771.981068616,"₹6,28,42,18,65,004.59",8423350185.638809
0x863c9aade08c7e024a4c7a2884c6024711ccb11a,253,2899237.917501685,"₹6,26,57,75,00,254.63",8398628368.935582
0xc15753ae3b6099b8a3366b836433d6542645b876,254,2896590.896543381,"₹6,26,00,54,31,379.16",8390960372.742727
0xafc91325fb4a1092cda5c7d40e2919f48c70ec87,255,2891705.4071614053,"₹6,24,94,95,89,184.91",8376807891.681446
0x12f37431468eb75c2a825e2cf8fde773ad94c8ea,255,2890033.847553025,"₹6,24,58,83,35,065.46",8371965650.945505
0x8888888888e9997e64793849389a8faf5e8e547c,257,2873778.0731761493,"₹6,21,07,51,69,618.68",8324875273.499597
0x07cc65ec4de72fdf7d2b6c39fd80c4ea4706215b,259,2857390.5376850255,"₹6,17,53,35,28,223.41",8277403205.1874895
0x2337918436302b406c9d0b775366184799d1df88,259,2850776.792711826,"₹6,16,10,41,78,887.29",8258244244.1993265
0xef5c8dfb7abaa3acd759d77fb156cea315eb69b8,261,2849297.8621822307,"₹6,15,78,45,55,379.10",8253960019.083974
0x38a4d889a1979133fbc1d58f970f0953e3715c26,261,2844292.686635408,"₹6,14,70,28,46,850.27",8239460826.352916
0x9cb8c1463471ee4d8dd6887035f4835a1745e92a,262,2841145.3715957673,"₹6,14,02,26,55,418.53",8230343558.253483
0xa1707c82aa2866955991c7f2c6f431d6619b8b4c,263,2835330.864589895,"₹6,12,76,60,35,793.44",8213499861.778592
0xbb7c4e59705a52ea30cef27568aed928479ae410,264,2812357.866344032,"₹6,07,80,11,57,358.54",8146950761.540046
0xf476cd75be8fdd197ae0b466a2ec2ae44da41897,265,2798660.349429571,"₹6,04,84,08,77,398.02",8107271246.641559
0xd7277990f0afbdb26afcb0268377281443fee484,266,2788143.514866795,"₹6,02,56,80,00,145.98",8076805659.606727
0x8c0d2b62f133db265ec8554282ee60eca0fd5a9e,267,2778112.714501627,"₹6,00,40,01,63,632.66",8047748035.876893
0x93321b43d594aff66481261091b989afe4d8cb9f,269,2774579.5257035377,"₹5,99,63,65,77,936.00",8037512953.239037
0x80c939f8a66c59b37330f93f1002541fd4e51aa2,270,2772398.91437079,"₹5,99,16,53,08,575.99",8031196071.10588
0x222a50ddb9126d372eb5811a727581cb6dc31237,271,2759091.2678028625,"₹5,96,28,92,86,615.02",7992645948.222044
0x1254958bd5073c6b238e516298f0c48f6f60a78e,271,2751469.7672692514,"₹5,94,64,21,43,162.70",7970567680.616259
0x57eadd1811affbd06c03787caa973e626c090c62,273,2750258.039423534,"₹5,94,38,02,66,964.14",7967057498.923671
0xe8ac0cf3a9cea74e7653a863499e8e661440be13,273,2736034.232001864,"₹5,91,30,62,46,151.78",7925853404.632279
0x40d775827365ae4d54cbc08a1a1c4f586b2c1d0a,275,2731634.50502161,"₹5,90,35,53,85,956.26",7913108099.5268
0xc72aed14386158960d0e93fecb83642e68482e4b,275,2710690.9001879543,"₹5,85,82,90,95,966.82",7852437827.300474
0x534c8bc9781a8072b524b853147a69bc6bf2b552,277,2692033.2559736,"₹5,81,79,68,43,214.50",7798389617.234564
0xa4cedbf76beeda93b3b703dcc5aac6b3c0ce8529,279,2682559.10594368,"₹5,79,74,93,08,858.34",7770944520.46189
0xc830eb280887eb0618b74e5759f9c49fefb3e98e,280,2678798.020674403,"₹5,78,93,64,70,632.11",7760049258.210438
0x850cae094ce34c564327818631287a75d3cee6ca,281,2663345.2157990145,"₹5,75,59,68,41,348.05",7715284954.935218
0xd3e401814d1faa8ca0419ecccbfee93ac7b15b31,282,2644400.9154905784,"₹5,71,50,26,37,053.99",7660406348.029728
0x440631dbdc0753e45241569c6d63552eac8e3130,283,2639660.858433393,"₹5,70,47,82,25,402.91",7646675161.14419
0xc4cca7049fba013313f57e0139b954913d541ad2,284,2637872.629588341,"₹5,70,09,17,56,961.37",7641494948.29669
0x076c2669ad090c5a0d640329ec307bdedcd4880f,285,2635978.310921102,"₹5,69,68,23,60,599.65",7636007410.208685
0xa0393a76b132526a70450273cafeceb45eea6dee,286,2625238.3196120444,"₹5,67,36,12,55,157.92",7604895373.784955
0x68f84b647841fdac170a827b805d7694a8fcd73d,287,2619568.611869393,"₹5,66,13,59,29,259.99",7588471137.607733
0x2503e93fbb53fe9821630746a4070bec2f7d496d,288,2614991.6351759415,"₹5,65,14,67,62,210.95",7575212368.443075
0x93dfa006e2619be8ab132831f2ebd9cb1c5c4985,289,2604203.976681724,"₹5,62,81,53,55,032.50",7543962247.810686
0x7cdbc750bdc92fb92e1b94090289cc6db19e30c2,290,2603739.4359069406,"₹5,62,71,49,59,409.34",7542616547.512662
0x1da5331994e781ab0e2af9f85bfce2037a514170,292,2584207.280419409,"₹5,58,49,37,09,029.68",7486035018.21016
0x60251579f5d1be1483ecac3519c9f0515dd9e023,293,2582420.8271749085,"₹5,58,10,76,24,327.39",7480859948.993362
0x3fa5b646b19271033f059ec83de38738f3e3163d,295,2555459.4455706486,"₹5,52,28,07,84,457.84",7402757140.306878
0x43fb99c5bc88c9cfe4d67abdae0fb0a152899702,296,2555171.00638182,"₹5,52,21,84,47,557.23",7401921578.127111
0x759c5f293edc487aa02186f0099864ebc53191c1,297,2554466.3866307167,"₹5,52,06,61,66,545.86",7399880407.447326
0x840de9986997435983f3d827df933638f1ed23d7,299,2541452.2783518913,"₹5,49,25,35,83,492.85",7362180618.020893
0x511876aace51210752eab85e6905f05b44e319aa,300,2539555.4902222287,"₹5,48,84,36,53,435.85",7356685926.2953615
0x104cb8305c4b91c1c28a66138d4ba6148b0713b5,301,2524684.9817214715,"₹5,45,62,98,68,879.68",7313608442.450028
0x00a1b46319be9163b8ae30dbe506235608a563dc,302,2520668.8109826962,"₹5,44,76,19,02,091.96",7301974238.407114
0x4c4a5490deefefa16f49a1a48c9acdc60f4117d0,303,2519064.973497337,"₹5,44,41,52,83,942.30",7297328177.826027
0x53afeb120edce5d778cab7de76d34f5fcd92c7d0,304,2515363.6308445716,"₹5,43,61,53,57,170.87",7286605980.37579
0xfd8f2c73e0ec4105206161bb38383ea5ae4decdc,305,2515022.191096776,"₹5,43,54,15,65,895.45",7285616884.056786
0x1e5ce6f088fd0adb4fcff31cfb02a61503311be9,306,2513395.582083904,"₹5,43,19,00,26,408.81",7280904858.003938
0x63de6063eed48e863ef4b316159630ebaf897c40,307,2513150.828298422,"₹5,43,13,71,30,710.20",7280195845.448001
0x0abd70eb980a55d9221e186b9b150539166fc679,308,2510342.487445577,"₹5,42,53,01,97,701.76",7272060531.331846
0xffb6d97bd1e7b7bd08595096d15037401a1f416b,310,2502321.3874532725,"₹5,40,79,66,93,613.63",7248824688.030138
0xc142995f05436c91bba172b7d17522a301323236,311,2482872.0141157894,"₹5,36,59,33,33,946.68",7192482965.371183
0x13fefdd563a930f07b1ac8a2227acc27c3c12946,312,2480281.844838991,"₹5,36,03,35,51,742.91",7184979659.403382
0x1df610099af9e0cc827b0963854fb63d2787366f,313,2475350.7440464175,"₹5,34,96,78,52,101.82",7170695049.383425
0xc20cad7162e9f76091c7cd5032e01ee9258b0c07,315,2470921.910113986,"₹5,34,01,07,01,370.01",7157865426.0946
0xfccdcdb6ae0e5820b21c98d323c1340fcce63cae,316,2470867.281182229,"₹5,33,99,88,95,074.54",7157707174.819929
0xa397d02928acaaf6553fd7e832413c5a732cf559,318,2451249.3919373928,"₹5,29,75,91,16,086.73",7100877288.539917
0x59d484a88823f90c25b7d6278a1d86116aee223d,319,2440051.9012733083,"₹5,27,33,91,36,799.38",7068439949.684571
0xf15eeb4704d710264ce8c1373c09ed30c79af355,320,2439434.4929824756,"₹5,27,20,57,03,754.39",7066651416.651355
0x3996d04e534e03ea4bc0a2c3f27de4c183f7c733,322,2434645.648653973,"₹5,26,17,07,48,295.80",7052778900.846775
0xb60704d2cd7dcd1468675a68f4ec43791ce35ef9,323,2433815.583825587,"₹5,25,99,13,56,345.22",7050374335.849314
0xd1c44141ef925d5a02e5414f3e1755ff89243ebd,324,2412933.469379975,"₹5,21,47,83,55,535.46",6989882191.438687
0x8c40d627ee8a99d07fe9dbf041e11a3381c10697,325,2405261.1132596326,"₹5,19,82,02,21,275.45",6967656603.335034
0x1e57243473efc9cb78017658b950241e055567b6,326,2403331.8899701387,"₹5,19,40,32,81,396.57",6962067952.141097
0x34669322bdfca9e801ca334e7b0e6d69d1f87137,327,2390859.576032098,"₹5,16,70,77,89,852.90",6925937654.232822
0xb8adcc8e382a7c43bdfa2e1c47059a1afec10e06,329,2379107.5075559267,"₹5,14,16,79,56,317.97",6891893792.188311
0x6b41d394e2dff2de63f62959a79dac372379dd54,330,2379052.589798021,"₹5,14,15,60,87,601.97",6891734704.2305
0x4b4c13434aac5e99645a4d9e59fe497b3318f50f,331,2378818.750424638,"₹5,14,10,55,50,704.27",6891057308.980108
0xca04e939a0ac0626c4a4299735e353e8dc5ef3ec,332,2370975.626565055,"₹5,12,41,05,10,461.99",6868337034.058714
0x0c047b2464b7808eea627226f45fad5aadcb0002,333,2367411.0296239173,"₹5,11,64,01,36,900.26",6858010967.055749
0x1cde4464ecd857461f84bd9b8a6595771fbddfcc,335,2355665.6446547275,"₹5,09,10,17,47,791.49",6823986466.061602
0x5efdb6d8c798c2c2bea5b1961982a5944f92a5c1,335,2355431.090507254,"₹5,09,05,10,56,418.25",6823307000.225034
0x6ad244466777fb941917deab621e922b1feadd85,336,2337230.909643488,"₹5,05,11,76,69,730.33",6770583988.291642
0x56d90629aa29830e361e113e53a979f95afe93c1,337,2334315.5462054242,"₹5,04,48,76,07,214.82",6762138646.869721
0xcab07690c44d621996df29ed262c20cf40986598,338,2324412.7345870095,"₹5,02,34,74,31,373.48",6733451786.061033
0x65b1b96bd01926d3d60dd3c8bc452f22819443a9,339,2321586.1685438133,"₹5,01,73,65,59,573.35",6725263676.484461
0x5ac7983a4faafbee0150a8bf8100960887f1b102,340,2317499.6354224766,"₹5,00,85,33,86,208.23",6713425643.877248
0xabf107de3e01c7c257e64e0a18d60a733aad395d,341,2317319.348445771,"₹5,00,81,44,22,947.40",6712903381.351647
0x8ce0d9060263b1b5ad3eff2e1e21736b5ef36936,342,2315232.1646189126,"₹5,00,36,33,44,953.11",6706857143.754651
0x8a168dbfbf290943015fc615c8ffef1551920ba3,343,2309291.1678281208,"₹4,99,07,93,88,608.68",6689647026.611214
0x8fc112b770bac7aaf030a0148504dd15561ba86a,344,2293142.7901859693,"₹4,95,58,94,33,529.41",6642867760.322324
0xa85fa747aeb17203bd3aba143e8e12cd50fe539f,345,2291729.846699586,"₹4,95,28,40,71,009.02",6638774689.11323
0xc2e32bf7b4f3ba1072e7f8565b3592dd508dfade,347,2289346.1686989893,"₹4,94,76,89,15,286.89",6631869555.333981
0xc7882f13c2087ced94dfe00710260f01fd812d50,344,2301040.985125479,"₹4,97,29,63,75,623.35",6665747567.350892
0xf5a9288eb6e86a3fcb717e7f13475d947f459e3a,348,2281989.609495874,"₹4,93,17,90,30,425.03",6610558780.372028
0x10a2dfb788a57587e6dead219fb2829b8ead9d7b,349,2262380.8044896936,"₹4,88,94,12,14,704.70",6553755209.677924
0x5a5617ba16beba3d04ae3c6b1e9d522c1856763c,350,2259139.638508823,"₹4,88,24,07,40,395.25",6544366070.417898
0x2ac38fd88c120949ff3fe324e02c08b8031f2164,351,2257460.025242666,"₹4,87,87,77,45,735.39",6539500499.523964
0x5924495f7118ee588acc19e773c7d17c869b6ef4,352,2255237.56943381,"₹4,87,39,74,33,030.90",6533062400.638639
0x7ddba01cb6d0efb9183a2a95728c4573bb5ee196,353,2252439.434342101,"₹4,86,79,27,05,671.15",6524956650.979573
0x3ecd8f1e39f6d1656de6f3d73f0c2aa7e2ae324e,354,2246552.322848883,"₹4,85,52,03,94,909.45",6507902630.921558
0x6676751a1c3592f589e32f28e649febe7ef2b805,356,2239238.817243379,"₹4,83,93,98,14,705.00",6486716575.34331
0xae805b9eaa5a04f307b439484ed881e75d36ac73,357,2234489.817748183,"₹4,82,91,34,70,432.10",6472959483.645646
0x2c9aeee0d862232371fb74a817eb3d275c21d358,358,2232363.214697413,"₹4,82,45,38,73,233.98",6466799054.864055
0xb9f41e10df1e82af748505a78bb127246cea9860,359,2223506.3474062965,"₹4,80,53,97,44,788.75",6441142127.420456
0xb12f1f37767d19d63ca5a9889da95cb396c957eb,360,2217647.281615817,"₹4,79,27,34,95,208.25",6424169351.275964
0xd4f072b18c7a31d50bbf1df729b68e9ace7bc0d9,361,2203891.9268559674,"₹4,76,30,07,15,448.26",6384322289.393441
0x8e7644918b3e280fb3b599ca381a4efcb7ade201,362,2202674.5973816123,"₹4,76,03,76,28,636.92",6380795880.67895
0x6165fd87c1bc73a4c44b23934e9136fd92df5b01,363,2196931.521756083,"₹4,74,79,64,46,618.88",6364159109.4838915
0xfded90a3b1348425577688866f798f94d77a0d02,364,2195308.761973027,"₹4,74,44,57,39,020.09",6359458234.033944
0x1d00ff1416cf4ed1ceaae24bfddf8e4997bc3507,365,2194961.9047774994,"₹4,74,37,07,76,936.70",6358453444.235652
0xc57d11d3d47873f490bdfd1b18ece28851bec5b5,367,2187484.8119257935,"₹4,72,75,48,42,583.78",6336793502.579116
0x321efa6e20cb4c001cd77e2d0f00e224d595e2c9,367,2187129.3390089115,"₹4,72,67,80,18,487.93",6335763754.414576
0xcc2a855946a3c20683858fe6ee15acf8b836f0b3,368,2184031.5715063126,"₹4,72,00,85,35,170.80",6326790017.602346
0xbb511aa071cef9ee7012c47137d402cc6108774c,369,2183803.9194648727,"₹4,71,95,93,35,466.91",6326130546.062622
0x7a15673e55470c3e8c33dcdbf3763f1286dd2faa,371,2182893.751216897,"₹4,71,76,26,31,725.49",6323493934.275156
0x857f876490b63bdc7605165e0df568ae54f72d8e,372,2179183.4602669803,"₹4,70,96,07,71,065.98",6312745815.0398
0x1b523dc90a79cf5ee5d095825e586e33780f7188,373,2178897.5128119383,"₹4,70,89,89,72,673.89",6311917471.014135
0x877a891877d98c611e16bcf53fe64fa6a36c1bbb,374,2177832.6390868025,"₹4,70,66,88,34,294.16",6308832702.2122135
0x6712986a6050ef0c1ca26e6e77c6cd40312b1065,375,2174860.521793947,"₹4,70,02,65,06,249.06",6300222953.953578
0x1a0ee44788832c7702a462e5e0cecde19a2d432f,376,2172906.9426495014,"₹4,69,60,43,02,631.52",6294563747.7447815
0x5ea9681c3ab9b5739810f8b91ae65ec47de62119,377,2166129.7873366396,"₹4,68,13,96,37,379.62",6274931413.148272
0x005e9eed36bfea0d05c0e8f36f32d4f4e08efacd,378,2165018.099185593,"₹4,67,89,93,81,559.79",6271711030.444794
0x7512c6a03b4c29e95b4786a5c2045aca94eaf05e,380,2150086.5664779446,"₹4,64,67,24,08,574.08",6228456769.23597
0xcc6c1d21e8474b3578e69eb036c712ab08ffdfbb,381,2148850.8251734106,"₹4,64,40,53,42,634.83",6224877024.395343
0x3bacc073f78d81eac48ea239b5e4af06ce3b647a,382,2146063.347578206,"₹4,63,80,29,18,551.91",6216802147.79845
0x76b588e62f9ce0496861711832567f129959eb19,383,2140639.740475661,"₹4,62,63,07,79,432.12",6201090825.799515
0xd2b7a9b78667c07ba54d7224c6745d9d781b7cb7,384,2128999.685191061,"₹4,60,11,51,53,964.12",6167371448.048873
0xd73e0def01246b650d8a367a4b209be59c8be8ab,386,2107666.739893839,"₹4,55,50,47,20,492.38",6105573318.794069
0x47a9f89b1587db59a9aa53a93e9eae5915e8b36f,388,2098610.947122463,"₹4,53,54,76,00,670.21",6079340136.062236
0x7c0830c2fc55e23d23eea9ae8536bdb43dcaba4c,389,2090831.8293824792,"₹4,51,86,63,93,302.48",6056805276.628342
0x577ebc5de943e35cdf9ecb5bbe1f7d7cb6c7c647,390,2080064.3821684518,"₹4,49,53,93,54,145.48",6025613704.840858
0xd266c194e126d4fcfc85e8c665ed7f668f6aae93,390,2069814.8267390362,"₹4,47,32,42,40,725.19",5995922382.69071
0x1cf2b8c64aed32bff2ae80e701681316d3212afd,391,2056525.6782498998,"₹4,44,45,22,16,532.01",5957425845.78144
0xf8cc874fe4696131725018138fc4bb44866433e0,392,2051343.6212927727,"₹4,43,33,22,80,746.55",5942414255.905756
0xd27b7c6bd93f604bcd3497565f023652c2d13ce0,393,2051023.1163921796,"₹4,43,26,30,13,868.45",5941485804.489522
0x4b68b5a0cfc1fa1a85f6b3c0db33f546b6cad57c,395,2050110.4096071061,"₹4,43,06,57,61,503.47",5938841838.966249
0x3d280fde2ddb59323c891cf30995e1862510342f,396,2049004.241922033,"₹4,42,82,66,98,755.71",5935637448.169422
0x57115f7d04c16f3983802b7c5a2d5089a188d76a,397,2048046.5878805171,"₹4,42,61,97,32,479.56",5932863277.6357975
0x96e1199931a9e201a4d209262c8c379e2c0e4852,399,2044887.3145745867,"₹4,41,93,69,56,651.23",5923711368.352246
0xed2ab4948ba6a909a7751dec4f34f303eb8c7236,399,2041727.251390048,"₹4,41,25,40,10,115.91",5914557170.916747
0xa357f162fe9c383edeee81fbc905c4bc7fca166f,401,2036823.5456271234,"₹4,40,19,42,31,033.84",5900351919.914476
0x8c173b6579c34d2d744a67dbc0caabf9a4ff7ff3,402,2025947.9023125055,"₹4,37,84,38,08,751.97",5868846921.334959
0xc7fe19ec5e3553669b0e6d09077e4245e5b2a85e,404,2014803.8965600906,"₹4,35,43,53,88,516.77",5836564519.711133
0x3e7d1577d7f271b20e74c29e1996055c02cdf463,405,2013442.4476072374,"₹4,35,14,11,54,891.98",5832620619.92655
0x73524bd95c9884c9f274229957d9cd67460fb38b,406,2013152.737398798,"₹4,35,07,85,43,301.15",5831781375.8063345
0x794316614b210acd02f7c88085f2872a8d657d8f,407,2012221.0330596108,"₹4,34,87,71,85,222.78",5829082377.408403
0xfd113ce2c7d6fee4a6fa9a282aabfc32eca5509c,408,2004282.1081618115,"₹4,33,16,14,40,651.71",5806084582.207462
0x8396a631492c60696ba4119c54e0fa616b2ffbb2,409,2003038.9198188975,"₹4,32,89,27,65,273.42",5802483264.488175
0xe16cbb857388575cf80c23c058ddae2f73785a25,410,2002358.6552973483,"₹4,32,74,57,47,865.55",5800512647.011571
0xe5545c0e1b2dcfcd7c713877ceb6f897705ed62a,411,2000248.0073993234,"₹4,32,28,95,98,863.13",5794398437.754656
0xe21dc18513e3e68a52f9fcdacfd56948d43a11c6,412,1995978.2378731489,"₹4,31,36,68,24,812.67",5782029598.600452
0xda33d5a9720d482c5af1e9a481498019c9b8e0cc,413,1988102.7790120174,"₹4,29,66,47,96,394.52",5759215654.353173
0x930af7923b8b5f8d3461ad1999ceeb8a62884b19,414,1979416.988083669,"₹4,27,78,76,40,630.67",5734054307.760296
0x3d331379990dd2774314ae7416cdedd66d3829a8,415,1978841.8785325738,"₹4,27,66,33,49,104.70",5732388307.408301
0x7bdc7ec8841cd7e8f463a5fc7f6f21c858e9a483,416,1969290.1666118721,"₹4,25,59,90,52,227.82",5704718526.247936
0x3aa485a8e745fc2bd68abbdb3cf05b58e338d7fe,417,1956999.1731140485,"₹4,22,94,27,47,295.06",5669113484.643701
0xe9581fb58eb6fdcbd45fcba793149bab6b0e0c4b,419,1949392.9161453778,"₹4,21,29,88,98,251.51",5647079375.206576
0x671675ee5a9ebc55c0409a00c0ea09c5d30a1e9c,420,1947412.0560681096,"₹4,20,87,07,98,733.33",5641341140.500342
0x1844cc9d499d934271438a193561671a1d7ef5e1,421,1946305.1401945273,"₹4,20,63,15,74,288.56",5638134582.321115
0x7fb50260f3a70b3d6c3b832d9a756a32b9e85c1f,422,1945908.2867469504,"₹4,20,54,58,07,115.18",5636984961.380036
0x53aed391f71bc67d8b5b05a3851f46e742a74768,423,1945450.5774292494,"₹4,20,44,68,87,892.85",5635659050.720147
0x896b94f4f27f12369698c302e2049cae86936bbb,424,1945036.1805791785,"₹4,20,35,73,29,274.41",5634458609.348988
0x231a07c825f052b895de5fd1513ce40d18e14af5,425,1941043.6751737415,"₹4,19,49,44,76,991.20",5622892959.990302
0x0443163b8ec1cf03447ec61312cab647eabdd7c5,426,1938266.7287639433,"₹4,18,89,43,28,887.01",5614848590.552542
0xa8b4367f09e63a5234abd14f5ef6868b1aed0e7d,427,1932230.6548485735,"₹4,17,58,98,24,664.56",5597363050.191542
0x54b174179ae825ed630da40b625bb3c883cd40ae,428,1932059.841527671,"₹4,17,55,29,08,831.28",5596868231.331019
0x8ae57a027c63fca8070d1bf38622321de8004c67,429,1932027.7677122736,"₹4,17,54,59,77,102.44",5596775318.619623
0xd84a7719fc50c2f5d4422e2c138d63b879ccc8a5,430,1930503.2685503392,"₹4,17,21,65,05,392.56",5592359088.467364
0x7e428e32f5e687921bfddbef1ffc466e63348933,431,1929189.011541246,"₹4,16,93,24,70,796.27",5588551896.193143
0xe75021660e00a7fa0df1b97da13ebabe6d82e7ea,433,1927458.3707235453,"₹4,16,55,84,48,164.03",5583538506.646795
0xcdc116b3749f0e272d337c6213d8ebffe65d6e1e,434,1922469.38160155,"₹4,15,48,02,37,812.96",5569086203.398634
0x4322aa46ffed67809862da613725728e2fb8eae3,435,1920471.8180546546,"₹4,15,04,85,28,374.34",5563299581.413446
0xd15e9e10cc7fd71a07821ffc3224cfdd397cbf1a,437,1913363.6165810449,"₹4,13,51,23,18,088.26",5542708259.056634
0x026eea8f4c483ee54fbe3a8a4f9dca2f50727e32,438,1911820.8696929712,"₹4,13,17,89,02,716.31",5538239168.161387
0xea2606df39ba3d8cd117c534fc4bc459e316194a,439,1910505.1950897884,"₹4,12,89,45,61,752.41",5534427869.343903
0xb0b22713b38adda29157a2747688d52a89cc7d4d,441,1910079.5945691343,"₹4,12,80,25,81,819.09",5533194972.731651
0x7761a4b62d9f2b3165644577637c85f4f6b7e701,442,1904779.665304502,"₹4,11,65,71,71,706.28",5517841925.640694
0x52d9651183a3a3e0072986296e14fcc3ec942760,444,1888600.9761463045,"₹4,08,16,06,65,762.79",5470974851.739661
0x1141a2881050320c927aa04d293530cd2db6870b,446,1874180.0186791972,"₹4,05,04,40,37,276.91",5429199645.310646
0xee075d16773517479f0ddba8cbc974ae4e1e205c,447,1870597.8784139112,"₹4,04,26,98,72,287.06",5418822758.104555
0x224b3f081075c1bc10e8fce9c03719214f714e23,448,1870161.2907081775,"₹4,04,17,55,17,825.27",5417558033.375077
0xb7b6788709d3f81d6293fb84c33fcd4e1944d4d9,449,1867324.8957174558,"₹4,03,56,25,21,812.67",5409341450.910155
0xaeab5ad5a2ff3540af37ea911d4fd4aa9ad163df,450,1864455.2816813807,"₹4,02,94,23,46,566.42",5401028638.185891
0x8f8b4759dc93ca55bd6997df719f20f581f10f5c,451,1862732.0341581847,"₹4,02,56,99,21,758.20",5396036665.830796
0x7ba6527419152e17d78daccbb89a51ab71c8d200,452,1861603.154439037,"₹4,02,32,59,50,531.06",5392766481.90518
0x78c58f2c058b296578d6f0b670be591993489918,453,1861532.371457896,"₹4,02,31,06,53,054.74",5392561434.934092
0xcdb906fcd7e7ee0f82ae06ebb98f1207e309821b,454,1856775.8446375662,"₹4,01,28,26,81,991.38",5378782537.779887
0xa2201f091b2e8e5f8adaf8b023b99322b9ea5e66,455,1854430.649246973,"₹4,00,77,58,43,053.96",5371988881.9646015
0x5f4934fc98eae6061a01868a4700c53c1ffb7d2e,456,1853866.4320520766,"₹4,00,65,39,05,562.23",5370354435.025738
0x53311150764f7eb2999022ed1aa5a8c17bb5fc57,457,1852620.4634505515,"₹4,00,38,46,29,320.01",5366745063.342096
0x8f8f90c8b841b265328bec4e570d11317a4ec706,458,1850509.596774562,"₹3,99,92,84,33,035.72",5360630220.320422
0x3d5db9692935231852f453dc594ca183ad39f67a,459,1847336.9083882384,"₹3,99,24,27,57,967.05",5351439449.695385
0x296df88601c8f49535f881de73684d5e2d530a71,460,1839976.6989756008,"₹3,97,65,20,84,229.21",5330118100.66048
0x1db2ebea736f8653e6b8d927801f7ed3eb8bf47c,461,1838724.1163193407,"₹3,97,38,13,78,570.70",5326489569.118519
0xf42da2860c700b2f419bbf1862ab3de6887677b4,462,1838205.1674596013,"₹3,97,26,92,24,381.03",5324986257.303672
0x3e17fac953de2cd729b0ace7f6d4353387717e9e,463,1837123.8592358434,"₹3,97,03,55,34,210.33",5321853880.388761
0xb425debae63f4f2a452866ef9d7401af884af7d0,464,1837082.9325320243,"₹3,97,02,66,89,212.96",5321735322.27607
0xca11d10ceb098f597a0cab28117fc3465991a63c,466,1835609.3543046964,"₹3,96,70,82,22,433.62",5317466601.924017
0x51787a2c56d710c68140bdadefd3a98bff96feb4,466,1835324.5654043509,"₹3,96,64,66,74,426.06",5316641614.04594
0x129551cf72217561d02679c0ad7a9810d525b605,467,1832883.662611784,"₹3,96,11,91,51,396.33",5309570709.20032
0x7446621485809a019f31e49546a440053ffa244d,468,1830883.7045003243,"₹3,95,68,69,24,449.20",5303777150.54472
0x5b54ca8d759f04b932d4ea5b35bf10ce0b4c6b12,469,1828000.012994167,"₹3,95,06,37,06,808.27",5295423557.642023
0xeea89c8843e8beb56e411bb4cac6dbc2d937ee1d,470,1827183.96594651,"₹3,94,88,73,44,352.43",5293059599.912488
0x8a5475615dfa669269f8951d4d3f0a5cf914e435,471,1826089.130644603,"₹3,94,65,07,30,736.65",5289888037.216512
0x734bb23e9eafe199d808b4d3cc4fadd66799da2d,472,1824392.4277292802,"₹3,94,28,40,42,696.00",5284972960.343288
0xf3b0f4411c77c60a132003dbc01d58fe137b75ae,473,1817013.2234139186,"₹3,92,68,92,63,817.77",5263596586.114376
0x19e94b5c55c0e7bacc158de47dd1cf2b9a80577e,474,1816897.831931742,"₹3,92,66,43,25,641.42",5263262315.453148
0x59a5493513ba2378ed57ae5ecfb8a027e9d80365,475,1812145.755185502,"₹3,91,63,73,16,319.18",5249496309.4515705
0xf07f1539db1518f80c7e673f996e230a617239d6,476,1808499.1925422898,"₹3,90,84,92,28,493.85",5238932800.924207
0xcdae1bab521e6ad0756f41166e1ac68d4b5ba55a,477,1806826.7467636527,"₹3,90,48,77,82,857.07",5234087993.09482
0x7af6ecd8c7bfe0039acaddd76cbb99b11afe426b,478,1806198.2948054343,"₹3,90,35,19,63,076.76",5232267468.324175
0x1db12c2a7c803567c9fd59a202504edf0e56ca78,479,1804781.629468515,"₹3,90,04,57,96,197.48",5228163615.509573
0xaa47a4ffc979363232c99b99fada0f2734b0aeee,480,1803184.9464393102,"₹3,89,70,07,24,254.57",5223538280.243252
0x6c3e007377effd74afe237ce3b0aeef969b63c91,481,1797719.906190674,"₹3,88,51,96,30,686.12",5207706933.049393
0x6b67623ff56c10d9dcfc2152425f90285fc74ddd,482,1796908.043450038,"₹3,88,34,41,72,534.34",5205355096.587809
0x668e961736454a2444adb485340cb7f0844ddd3d,483,1792283.4357275695,"₹3,87,34,47,11,562.57",5191958347.9530525
0x011ea68c15f4a8316da45c1e7844311cdd0ba149,484,1791142.1515117534,"₹3,87,09,80,59,500.42",5188652230.185308
0x1d1c9dad9a24b1e9324605153906d584520b8e93,485,1789123.8386882637,"₹3,86,66,18,65,769.63",5182805500.86571
0x6aeda057364cc4aad943cac04a1c149d90e10a3b,486,1785815.978757725,"₹3,85,94,69,77,697.16",5173223159.904529
0xbd88526a40bd28acb6761a238d7751d3f1bb5fb8,487,1784819.1136793324,"₹3,85,73,15,37,210.15",5170335401.270838
0xbd74c3f96c38478460a0e3c88ac86dd133af72be,488,1783604.6234868984,"₹3,85,46,90,64,018.74",5166817217.501787
0xa555e81a2807cc02a1600a2c79f9fda6f0c52c1f,489,1777134.5404256177,"₹3,84,07,07,62,607.70",5148074422.086547
0xa351a4fffceed60b6d4351e1b20c55e3a6fb5503,490,1777120.413825606,"₹3,84,06,77,09,595.16",5148033499.586569
0xc4def4dcb2e1a21651073651587da38c36886db7,491,1775166.4611586956,"₹3,83,64,54,25,252.70",5142373211.342957
0x02c52eaedfdf34f01ffe50a3676f93adf4db418c,492,1773876.9480891377,"₹3,83,36,67,38,267.13",5138637698.302538
0xe67b18b27db897ff71994a6ad3890626620e580a,493,1773062.4745247832,"₹3,83,19,07,15,869.35",5136278298.7023735
0x39fec2e2beab6a63c1e763d0dc4120af60bee39f,494,1768376.3412436158,"₹3,82,17,79,58,116.89",5122703320.368156
0xd9a657acb3960db92aaaa32942019bd3c473fccb,495,1768266.8017553254,"₹3,82,15,42,84,661.76",5122386001.996897
0x537037c5ae805b9d4cecab5ee07f12a8e59a15b2,496,1767764.9595584744,"₹3,82,04,58,27,529.86",5120932245.4473715
0xaa621b960f22911462550c078df678493c22b2ae,497,1764967.3697076456,"₹3,81,44,12,18,006.48",5112828075.263896
0xd3e2e76e4ab0322614fe7aaa3be0b04bed83d0d0,497,1765502.5674270575,"₹3,81,55,68,83,867.20",5114378457.425398
0x6456f20453a383004f17b921cd770d187fcd30ef,499,1760111.2937351882,"₹3,80,39,17,32,579.46",5098760800.143843
0xa14964479ebf9cd336011ad80652b08cd83dfe3a,500,1758575.4717392756,"₹3,80,05,98,13,801.35",5094311769.553204
0x6bf97f2534be2242ddb3a29bfb24d498212dcded,501,1757054.2220361924,"₹3,79,73,10,44,358.02",5089904952.563324
0x3cd3bf7db26df10ff229fe8f8650bb9f8d05f103,502,1754353.6885875827,"₹3,79,14,74,10,470.17",5082081939.248054
0xc84350bce9259d11f7518564520c9d3d6dde3871,503,1748508.3942667441,"₹3,77,88,41,37,152.14",5065149056.847675
0x9b5aaa36aa32399549e2706d1cd3beb164454046,504,1745309.3268206,"₹3,77,19,27,61,093.81",5055881870.306988
0x1622ebc67a1db29e276ad11a020448b5307991dd,506,1740173.8130665922,"₹3,76,08,28,84,132.33",5041005108.643827
0x4e81cc3450441767d0978e70f73418332689d755,507,1736843.1478676025,"₹3,75,36,30,67,430.85",5031356704.468786
0x914f4d27761edba6926fb02f984f430f183220ed,508,1734585.7363667553,"₹3,74,87,52,00,172.11",5024817344.536672
0x1d163a711f07b1c49823ff3466424a9d9e7d2c16,509,1732282.915013903,"₹3,74,37,75,19,026.97",5018146439.528875
0x3872332f90d97158dc80b87ceeddb1d04c9cacf4,510,1732135.4778829452,"₹3,74,34,56,55,209.11",5017719337.750431
0x87f8069503ceb7b58612769d7f62297f5806143a,511,1731435.858251955,"₹3,74,19,44,54,813.70",5015692651.618593
0x534a0076fb7c2b1f83fa21497429ad7ad3bd7587,512,1729513.7001138846,"₹3,73,77,90,41,841.21",5010124467.037906
0x71db5b6b2b7ebb785eab3b55861824977a1e0323,513,1725693.2064191392,"₹3,72,95,33,64,384.89",4999057108.08322
0x5c5f2d6b503ff195cb989cbcfe73d92858c491a9,514,1725439.9428775457,"₹3,72,89,86,29,574.81",4998323444.12539
0x721931508df2764fd4f70c53da646cb8aed16ace,515,1723403.906169052,"₹3,72,45,86,05,393.44",4992425371.546757
0xbda35c85e2e732398f0b334d6570f6c7041566a7,516,1723200.7501083736,"₹3,72,41,46,99,711.92",4991836860.943941
0x9273eb21bc9854d0e06432b5b8c7634ba824ae49,517,1715817.2306983254,"₹3,70,81,89,88,264.06",4970447986.576138
0x0a2a335b7420db3bada6a13e354d465a3d6de2a4,519,1715011.7131102514,"₹3,70,64,49,01,413.96",4968114531.006301
0xf1e1c701b49b1dc2405a9e8ef40f9f88802b80fa,517,1716696.8428396638,"₹3,71,00,90,88,280.82",4972996082.211652
0xb0bdd53b627d7e61cfc5c13ef110e47e210fac6f,520,1708296.7856546354,"₹3,69,19,36,84,722.11",4948662460.555775
0x0008d343091ef8bd3efa730f6aae5a26a285c7a2,521,1701592.1833994412,"₹3,67,74,46,99,491.92",4929240300.558838
0xd72bb0961368f1a5c566e0ac3afca62affa20f14,522,1700366.0049997584,"₹3,67,47,97,00,268.54",4925688257.9235
0xf480935955d38a332cf40c65add722d46b922462,523,1700068.7810205224,"₹3,67,41,54,64,816.59",4924827247.61149
0x6e21b422ac130e4f78991d89fca78cdf54c802f5,524,1691678.7765735812,"₹3,65,60,22,33,835.53",4900522747.129413
0x9f586e4dfe9f41c00440b19d6b2814c4d753e953,525,1686876.2603878826,"₹3,64,56,43,23,642.51",4886610626.142034
0x13aff6b6d6ad092e8d552af8fbde6203770ad0eb,526,1686704.4748839494,"₹3,64,52,71,97,702.97",4886112991.02282
0x2d714eae0777deddd188ce13ebbd02f1066a5d02,527,1678233.554211616,"₹3,62,69,64,79,269.11",4861574089.182378
0x54877dd41efafc0dff58d304a330d7baf7b14056,530,1666148.7614324575,"₹3,60,08,47,38,023.26",4826566378.068001
0x21938a693771d5dbe7fce8d1ed6fe6a6efaf6435,531,1665174.9491492144,"₹3,59,87,42,79,660.23",4823745399.693411
0x620f761d45a8b2f9b81079758ec002aeb8d92489,532,1663653.174404932,"₹3,59,54,53,96,746.05",4819337061.743183
0xd1afbe4da2a5adc6faf30fcbea9e4eea0ba8c70a,532,1654695.9465246282,"₹3,57,60,95,78,571.01",4793389405.730404
0x207b3c1083a62e282d375a11f52730879cbfbbbb,534,1652074.646286364,"₹3,57,04,30,68,406.12",4785795918.34819
0x8bfad4b4575d672362a6e4785a7b019ebbaa1be6,535,1646441.0284987185,"₹3,55,82,55,42,197.09",4769476228.996228
0x6f77c19c3d4d741c10ed8c97d897adbd7862d5fd,536,1645566.9803058675,"₹3,55,63,66,44,649.74",4766944251.229249
0xe2bdfe5008fddd52509edfa11c2e5fec35e41177,537,1643253.9579892715,"₹3,55,13,67,58,892.73",4760243795.661641
0xb890f264b1a7591cdf9e21b3b640a741cf677ae9,538,1642835.9060754739,"₹3,55,04,64,10,349.22",4759032766.155676
0x279679e6b44ec547c6e0466e5efd7d47ef3a400f,539,1642181.512178482,"₹3,54,90,49,84,048.99",4757137091.739114
0xe28470253f0c9c7afbae7f61795d6b1ca4644b2f,540,1638783.7412352746,"₹3,54,17,06,64,588.29",4747294292.959993
0x1ab14911a1f736eb37c6ac2790ec325d4eab1f8e,542,1631228.5262480648,"₹3,52,53,78,46,635.68",4725408043.976444
0x6e3aa85db95bba36276a37ed93b12b7ab0782afb,543,1627313.388064986,"₹3,51,69,17,14,801.83",4714066515.082174
0x90e5aa59a9df2add394df81521dbbed5f3c4a1a3,544,1625392.8561268756,"₹3,51,27,66,53,280.43",4708503041.342579
0x22eab1c78521596f9d6d73dd878778009c39317c,545,1624490.0282519967,"₹3,51,08,15,35,925.76",4705887693.441514
0xd7d870220a28d01f2fe914f06f0418c8bbe7b261,546,1623179.1064203575,"₹3,50,79,82,22,121.35",4702090162.642749
0x3a172ef0a46c27a8d4313215638495e855f6457c,547,1620986.361169007,"₹3,50,32,43,30,403.12",4695738130.488826
0x0e94af7a715274345bccf9996f98f145d3ca1499,548,1617577.9188653757,"₹3,49,58,77,04,669.35",4685864418.485975
0xd760ef23c9a203bd3718e91fc08b412ed49c5846,549,1616620.263290235,"₹3,49,38,07,38,061.76",4683090243.509685
0x380165a20a0516b3fa503959dcec7da3ba4c964f,550,1615460.5103697432,"₹3,49,13,00,94,580.09",4679730624.859488
0xb9d9baa174702596fac7adcab58325c741f2ea6b,551,1614578.9125694747,"₹3,48,93,95,65,426.69",4677176777.087757
0x1251122f1d77fa46e1e576c4fd6dd56ab17812ff,553,1609790.230508573,"₹3,47,90,46,45,037.05",4663304731.346455
0xc40df87e16339f21fbb2e59fb38bf2a957a16ffd,554,1606048.0998458103,"₹3,47,09,59,03,242.48",4652464377.557338
0x7f8b0457941ea2dfa8d806c008935a1c0dcdf3ec,555,1604895.1663007545,"₹3,46,84,67,33,550.59",4649124513.546678
0x03e2c10b74a260f46ab5cf881938c5888a6142df,556,1594244.722213737,"₹3,44,54,49,80,875.39",4618271881.097642
0x0dfe9c8263ad35c905ea78907599a575c996b581,557,1591011.4593296696,"₹3,43,84,62,14,567.41",4608905635.844561
0x51ed29f52c1c227dbdbdb43b3741fbd5b4946ea3,558,1586254.8666413883,"₹3,42,81,82,29,268.80",4595126547.881439
0x6ef2376fa6e12dabb3a3ed0fb44e4ff29847af68,559,1585765.5826070025,"₹3,42,71,24,86,181.86",4593709170.319269
0x4b1e684d5143eb7435e5d78385fa8cbdccd8f7ec,560,1585184.2480391664,"₹3,42,58,68,49,317.73",4592025137.089779
0x0e98493285d6abb9e2979c9a117c5c2eb4ee3737,561,1584728.774361025,"₹3,42,48,84,13,257.36",4590705702.719992
0x98fca56dac18c2b7639642000c4471eb836c2925,563,1580187.6853487,"₹3,41,50,70,02,182.19",4577550894.425529
0xcc739b45da0123047cd0103b88f968b22ebdfc66,564,1570929.919562638,"₹3,39,50,62,32,356.04",4550732628.185833
0xd3b38f645ac56e0b8ab7b6071a1cfc12a6e8c05d,565,1569874.843299481,"₹3,39,27,82,11,384.20",4547676241.063669
0x3811866a85b0e42b437b36bb4fd2f05e4c3b16f8,567,1567390.5133992995,"₹3,38,74,13,02,974.83",4540479534.835627
0x9a9750a276beac4f80686c056fa93ae0cc766091,568,1559420.142025548,"₹3,37,01,87,62,254.28",4517390644.225288
0x9e59e9d85b2483586be19923a9dcfe846967cef6,570,1550823.7959452956,"₹3,35,16,09,37,132.11",4492488405.04617
0x2ce05594dce29fd077786e68b015c9456be502ce,571,1546949.3358840179,"₹3,34,32,35,96,572.58",4481264714.162258
0x6974f1d51758fc98449f18c7951f1f5bba170cbc,572,1544690.9213361454,"₹3,33,83,55,12,537.33",4474722448.563399
0xa555d1ee16780b2d414ed97f4f169c0740099615,573,1543088.9742145657,"₹3,33,48,93,02,929.30",4470081864.063723
0x2206168cde2b3652e2488d9a1283531a4d200aea,574,1541071.2241195682,"₹3,33,05,32,30,814.27",4464236764.8785305
0x936025177ae0634939faec5a5f173e24d8d58378,575,1537490.2358095858,"₹3,32,27,93,14,782.70",4453863214.702641
0x008c84421da5527f462886cec43d2717b686a7e4,575,1537651.9642620124,"₹3,32,31,42,67,212.38",4454331716.152768
0xe4fb666f53f271f4af9253bc593f4cf807ec8f2e,577,1533184.9065053794,"₹3,31,34,88,55,624.13",4441391364.561044
0x2f5170deea823099d75f200ae0524b30c3701881,578,1532450.6121552298,"₹3,31,19,01,61,397.76",4439264231.315756
0x31ac9896f4ef59976b540db2edf45f4f3e058812,579,1532287.8076663346,"₹3,31,15,49,76,417.23",4438792612.760145
0xa8a5b9bc276579b3216d9be3b2e23c575e20a4b6,581,1531541.5557029448,"₹3,30,99,36,97,935.41",4436630840.222519
0x92041c816fa960e2352f49ac118771307c416a17,583,1528614.9497668613,"₹3,30,36,12,05,713.71",4428152931.082635
0xd266d61ac22c2a2ac2dd832e79c14ea152c998d6,584,1528193.0086910413,"₹3,30,27,00,16,652.29",4426930635.296556
0xb697b9455eeee9574ec5c5350cb10c8a5b752a39,585,1526546.3761704892,"₹3,29,91,41,49,725.21",4422160604.34572
0xbb0d4ccf4e095a2d6a9a2bee2985a703c1ca9b69,586,1523148.2463952648,"₹3,29,17,97,52,714.45",4412316766.087659
0x9a8a631aef07d9d52936f9ae1b38c6245013d3d5,587,1522464.1089721278,"₹3,29,03,18,98,302.84",4410334929.434819
0x3ac2cc26fbb230e704393dc79e97cca47e709247,588,1521215.0001252934,"₹3,28,76,19,43,397.08",4406716460.962955
0x80af4d533d298bf79280c2c9a6646cd99925009d,589,1521182.0213638982,"₹3,28,75,48,16,093.12",4406620926.767795
0xfe5ddf437d63be8d7dafec9c3ec32497565130cf,590,1518709.744578096,"₹3,28,22,05,12,578.73",4399459136.483612
0xedae46bc4357e4619397ef4e121fc3067d931cd1,591,1515672.7545328108,"₹3,27,56,41,64,364.12",4390661462.240828
0xe5442041fd024bcc4bdfaa0a28ab941150ef8637,592,1513365.1821848708,"₹3,27,06,54,56,443.43",4383976794.360421
0x9cc30104ae066aee503dc77aab255ec32f41cf4e,593,1513355.2103847999,"₹3,27,06,33,01,357.94",4383947907.651104
0x3aeacb8c72350af1d9b3909f433790a19e79269f,594,1511245.2833139403,"₹3,26,60,73,08,139.24",4377835786.515155
0x64f2a8ce93e1599b4a557d5b6ac18049964fce1b,595,1508818.1847140517,"₹3,26,08,27,68,444.03",4370804870.207053
0xd61415f6c5d93027778ceab5f099f64c29f58fd7,596,1508284.4000152466,"₹3,25,96,74,07,962.50",4369258581.340167
0xa201d0aea4ba83e3e8cb0449cd0ea50ca978c709,597,1507969.0910376604,"₹3,25,89,92,64,016.88",4368345181.681537
0xe80fd2eec6c6e9a6476dd0f3ef162b85594f12fa,600,1507595.609679152,"₹3,25,81,85,47,972.64",4367263265.942955
0xd402514d2fec96df7294cc53cfbe756e5b761f03,599,1507595.609679152,"₹3,25,81,85,47,972.64",4367263265.942955
0x8a591e12b71a8ca156f79529c7e4a3c4997af982,598,1507588.7938508282,"₹3,25,81,70,74,949.45",4367243521.578834
0x71d1f0a05f82c0ebd02b8704e3d2337b517a6b3a,601,1505714.6946790917,"₹3,25,41,20,48,384.66",4361814556.13418
0x0c9a83120e744533fc78c02aca5d25784ca3825d,603,1494379.425414282,"₹3,22,96,22,92,661.68",4328978094.717109
0xdb2b36c24064a0115fa0474fde4d9ba1f1099122,604,1493928.6716561299,"₹3,22,86,48,76,660.98",4327672333.200343
0x023ef73d4c6de80dd3e52b8aae579b8f0e5cbeb4,605,1491540.575609187,"₹3,22,34,87,66,119.51",4320754401.047717
0xdd3a68eb8324c3ff54f39fc4bca933d11812ca41,606,1491023.5432390242,"₹3,22,23,70,26,117.73",4319256640.996535
0x49e205e9784006658b633f66956b40f461105210,608,1489507.6278372423,"₹3,21,90,94,09,512.93",4314865276.624038
0xca5e7f4cfef8220ff41a125efac21b5c6a404cc0,609,1488579.8605978554,"₹3,21,70,89,02,312.69",4312177683.374291
0xecba5f51925e6ccec26da38dcd7d5305f6bdfbcb,610,1486409.9343805604,"₹3,21,23,99,42,198.46",4305891754.310983
0x2511d32e59c22a422b0809ab6f9cc4910edf4e4f,611,1484882.0007236286,"₹3,20,90,97,28,232.39",4301465574.976236
0xdb45ed7a3cd7b3421a0e967877e2a7a46721c7df,612,1483160.8905436965,"₹3,20,53,77,65,342.52",4296479794.162601
0x90b298f5ff8a52d15c2709087f327af698fe9729,614,1479644.0660471646,"₹3,19,77,77,16,265.98",4286292116.288069
0x97ad156c48078cf174905ffb5cb7ca56295924b8,615,1477128.585711456,"₹3,19,23,40,75,686.79",4279005172.232374
0x1ad60130a2528c6f73a8c6e50758532949627dfd,616,1472041.2048844565,"₹3,18,13,46,01,117.22",4264267843.957489
0x8aae2adaacf23b4af3f66ec9c4abd7ee21b92f8c,617,1470771.8104753974,"₹3,17,86,02,62,136.32",4260590611.4575505
0x4d9e86a5ac368aa4df0473ef07e13ec2fbe04025,618,1469829.8736230594,"₹3,17,65,66,92,627.67",4257861971.1062236
0x52ad8f3c506aa25b954276c5456060dad6f3fd7b,619,1469072.7663668457,"₹3,17,49,30,68,121.67",4255668752.5221334
0xc32575be004af0843d995d6139bbeb9f8085d970,620,1467889.5374297686,"₹3,17,23,73,51,050.25",4252241127.6080513
0x4cf0591008c76a15761cb566f70537e1e967017b,621,1465432.6779085633,"₹3,16,70,63,79,484.24",4245123998.6726427
0xeda39af25b25f179bed410ecc6d33060952b7db3,622,1460861.8067189737,"₹3,15,71,85,31,944.49",4231882916.1757917
0xb4460bdf3fe5ba4e25f96135a76bdcb9e45ab010,623,1459650.116763886,"₹3,15,45,66,63,934.78",4228372844.246296
0x5f4afef9f32cae3ed7f257410471f266e26a3430,624,1458521.457325034,"₹3,15,21,27,40,314.17",4225103298.437452
0xf75d2ee29d722df5f7632deb56edd31a8b02439a,625,1457850.8104671328,"₹3,15,06,78,01,456.54",4223160541.793609
0xcf3661d294d40cbcbab7819bdd6e95ea98e0f2eb,626,1454819.0187185311,"₹3,14,41,25,76,687.41",4214377926.18459
0xc79b1cb9e38af3a2dee4b46f84f87ae5c36c679c,627,1454100.1756392235,"₹3,14,25,72,21,758.80",4212295552.7987285
0xadc28e50fa4f57a998accc2da36cc087376e8c84,628,1453576.7188919906,"₹3,14,14,40,93,333.50",4210779182.3550744
0xd6d6869333c5cbf3af8c973b17193d921dbe2df3,630,1453457.8748038805,"₹3,14,11,84,08,986.87",4210434910.046873
0x32a348ead7ed30d35b96b9f87320fef862033574,630,1453377.3670182258,"₹3,14,10,10,09,805.24",4210201691.8730774
0x2f0efcbadab136af14c39760f5b8a128b601dd46,631,1452779.3611902604,"₹3,13,97,17,69,981.72",4208469364.670394
0x9eab4b2feed9483838d2e9b7c1ad407a18624df4,632,1452353.8620672673,"₹3,13,87,98,11,962.25",4207236761.7909427
0x549d4dd35f93f653292463fbc80c77c5928d1706,633,1450132.354716055,"₹3,13,39,97,04,236.52",4200801410.435657
0x7a349a913243c84b428ccae73f1a6636235b151a,634,1446964.9408262959,"₹3,12,71,51,69,081.50",4191625919.183247
0x9f14f09264723e81d7231551af40f745976d740b,635,1445543.304586998,"₹3,12,40,79,27,900.73",4187507666.4597993
0xe3e009c63ee00d20f5ceeccf34df1dc08d68b5cf,636,1439084.5926136968,"₹3,11,01,20,83,986.49",4168797811.2670617
0x584075b9f3b49b3cadc33504a056844874bf1a75,637,1438742.7699303161,"₹3,10,93,82,09,951.80",4167807605.644937
0xc50bc863f657938f38699dfab7ebee57381e49db,638,1438632.7829864123,"₹3,10,91,44,39,793.46",4167488991.0663586
0x341017ed8e57545cbc6ce4ce2e1729ee1ff1c4d7,639,1437596.85875503,"₹3,10,69,05,57,920.42",4164488084.3159213
0x81974c1a09e53c5129c6e4f74e547fda0adf4d2d,641,1431787.6184258193,"₹3,09,43,50,76,518.95",4147659644.560651
0x50471203a2be347d16e300e6875adf3509118c5b,642,1426292.8170915246,"₹3,08,24,75,51,044.19",4131742084.2634125
0x8a7f10da28788428e469d2621e2eb3026b195678,643,1424953.017004671,"₹3,07,95,79,96,129.02",4127860897.7798114
0x6b6ae848f555f70944bc99d736fe29fcaecf8b23,644,1424375.1404134487,"₹3,07,83,31,06,595.87",4126186881.755295
0x396664dfc1e515682c2bc6c32b394d5734392fd5,645,1421956.239041726,"₹3,07,31,03,38,469.22",4119179711.505634
0xc3bb8481be69bbacd14ed278ea219eb0f19748ac,646,1419398.7361226743,"₹3,06,75,76,16,053.36",4111771034.749608
0xab9f4d19f6f22b152153a1d701a1492255d79387,647,1419169.2199583547,"₹3,06,70,80,13,478.96",4111106163.1441603
0x720a4fab08cb746fc90e88d1924a98104c0822cf,648,1418840.9969025857,"₹3,06,63,70,78,568.59",4110155353.4672866
0xfef077a226742d824eec997b1411c5aaf0ec6514,649,1418158.8175513498,"₹3,06,48,96,47,331.56",4108179189.0354524
0x044c8f54235e5293db95ac58ac6155578b8a695e,650,1417001.3655241262,"₹3,06,23,95,01,114.34",4104826235.70491
0x68b724511ad47f24b0e233022a1e94de8311248d,651,1415871.44627216,"₹3,05,99,53,05,225.45",4101553040.419044
0xfbc76261fd55cf91b81a97dbcc2b3f6118f2b935,653,1410986.6397380028,"₹3,04,93,96,10,606.90",4087402537.4586363
0xb3b1d2405f16afc27a83fb9a43e1da5102a363d4,653,1409710.3528374,"₹3,04,66,37,82,034.51",4083705338.513494
0x15f7320adb990020956d29edb6ba17f3d468001e,654,1406815.5384159707,"₹3,04,03,81,60,531.38",4075319524.3049207
0xa9fe952edd2958ab7dea126c6d8b4413afd3e771,655,1405741.5564003368,"₹3,03,80,60,53,686.13",4072208370.2427516
0xe093b32e23646248990d121aa02d2b493b538e41,657,1403025.7735706687,"₹3,03,21,91,24,132.55",4064341181.910456
0x69bab6810fa99475854bca0a3dd72ae6a0728ece,658,1400888.3856428135,"₹3,02,75,71,96,128.35",4058149511.065528
0xc665a60f22dda926b920deb8ffac0ef9d8a17460,658,1402650.9264209007,"₹3,03,13,81,12,916.23",4063255309.6931224
0x53314ed80d217744eaa3cfa13fea6692d08627ac,661,1398541.1792041734,"₹3,02,24,99,22,567.25",4051350029.565818
0xbb089a0557bcbb3bfc9db1f23e497dc893e8b3e3,662,1395687.2014964859,"₹3,01,63,31,26,613.02",4043082512.78308
0x29a8f31b34e66b8c4661f084884138f46acc05e8,663,1391574.5641720106,"₹3,00,74,43,11,659.73",4031168860.4760475
0x89688542873276cd7d9cea936b25f37778a593fd,664,1383084.9694592177,"₹2,98,90,95,57,429.59",4006575862.9282403
0xdee7e659529f88b35c7ab711853bdf42be228739,665,1382674.9391353081,"₹2,98,82,09,42,496.04",4005388070.684726
0xdc8eb8d2d1babd956136b57b0b9f49b433c019e3,666,1382199.5435294153,"₹2,98,71,82,00,948.49",4004010925.6777515
0x1407930f5ff83ff94532885557b334c74b3afc42,667,1381187.8613931462,"₹2,98,49,95,58,228.56",4001080244.398122
0x6bb971430554e3af58fbd469bce46ab2359a2d23,668,1379957.213082734,"₹2,98,23,35,92,977.01",3997515253.1465874
0x2edadfb25586b1e4d6623c7021e76a2fa595cdec,669,1378795.7942593032,"₹2,97,98,25,89,463.73",3994150808.6421204
0xd7e228b7eb0c727706d5955c4c518cb10a3e7a19,670,1378405.7750129802,"₹2,97,89,82,99,284.26",3993020985.288602
0xa002c3a0c7eb9330c5b21cf3bec7fd1a7fa0befe,671,1376770.6056086489,"₹2,97,54,49,09,742.93",3988284161.1513586
0xe15e67b8c010806e769fdd16d838b014c94e2935,673,1373914.1546043798,"₹2,96,92,75,79,264.79",3980009479.6241517
0xcb4de7db08b4dd0a9954fcfa0a09762f58436df0,674,1372518.5953238197,"₹2,96,62,59,73,784.19",3975966767.677854
0xc948eb5205bde3e18cac4969d6ad3a56ba7b2347,675,1369397.516631456,"₹2,95,95,14,52,499.36",3966925502.0786676
0x81840dd9783fe5ac80978311d3d8e167c6a326a0,676,1369146.5559360825,"₹2,95,89,72,15,375.79",3966198509.0978813
0xda75f63b9cb1cf7668bb0ee34fa718bc1cb5bbc1,677,1368692.140861933,"₹2,95,79,90,08,098.80",3964882141.3344817
0x509b53489d1d1040261606e11820f64cb4f10fc9,679,1364129.447938393,"₹2,94,81,29,28,029.55",3951664749.9658546
0x8b6fb9fd6a29960c7d7a376158575278d1a6f8ba,680,1360375.9384369478,"₹2,94,00,17,27,063.12",3940791433.501688
0xc3a3681e7bb2e9b8755174bf126bb5b942bc7036,681,1359194.6113009995,"₹2,93,74,64,21,005.15",3937369317.8011875
0x904ab02bad0e3e3f18aad752a80a7fa42f223c71,682,1357294.9951733307,"₹2,93,33,58,79,766.87",3931866433.817911
0x1f9149a6ed325a321d4f9b6d57cdde6101005072,683,1357025.1636780447,"₹2,93,27,75,64,323.77",3931084775.149107
0x4d8e16a70f38414f33e8578913eef6a0e4a633b5,684,1356614.0909499347,"₹2,93,18,87,24,107.92",3929893963.227409
0x2b84773955eee20e0ab23e44f0a174d92633fe84,685,1356197.0735055152,"₹2,93,09,85,99,131.86",3928685930.413717
0xa25c0142d8134996d28191cd6286b36e4a505169,686,1355752.6634178779,"₹2,93,00,25,54,112.54",3927398545.4954457
0xd83a00a2393b7afa0c3dff18c1ca9758ae8a018e,687,1355637.664084514,"₹2,92,97,77,00,686.62",3927065410.8265834
0x9edf9b08406fa69a9dd5f73269f8a927b4f772d7,689,1352497.9275613748,"₹2,92,29,91,47,108.71",3917970096.4768934
0x8bbc693d042cea740e4ff01d7e0efb36110c36bf,690,1348495.417439251,"₹2,91,43,41,32,626.14",3906375465.05472
0xc0502d3a25ce3095df3cd0d48f613e5fed63f85f,691,1341717.2362692747,"₹2,89,96,92,45,668.04",3886740158.714286
0x707582bff3f58f168be346d224a9693b0ae3d56e,692,1340442.963501926,"₹2,89,69,38,52,386.11",3883048794.3909197
0x94de7e2c73529ebf3206aa3459e699fbcdfcd49b,693,1339537.9448710852,"₹2,89,49,82,61,569.65",3880427100.2203546
0x9d8b59de3e39f9c45ec05854f2fc8225932fbc03,694,1337494.1294535745,"₹2,89,05,65,56,269.25",3874506493.966293
0xb0bdc905efd56d256b2a60d53d40efa6be30ec3b,695,1335878.657258054,"₹2,88,70,74,23,649.30",3869826729.491421
0x2c968ca1cf606b01fc83a68b8d7614c67a4c0054,696,1335121.8676255336,"₹2,88,54,38,67,787.50",3867634431.012351
0xd9c980bb3953032a3a32235b32e6828ae64d0359,697,1334696.1187849694,"₹2,88,45,18,55,799.57",3866401104.741051
0xa0eaf6b0df87132c9a28e450a43c1d906defb60b,698,1332175.4722811184,"₹2,87,90,70,98,718.45",3859099195.122835
0x8972e12201d4e20dfe3bd89988a22fe24a781425,699,1330867.3929952967,"₹2,87,62,43,99,239.36",3855309898.7244954
0xc18c200a0949fdf013e8b166214d1497f2fe3769,700,1329888.639898228,"₹2,87,41,28,73,077.53",3852474607.602783
0x2ab30c674828e92c7009be11d647b600f6d4851c,701,1328874.2238079982,"₹2,87,19,36,39,500.94",3849536006.4959617
0x8bb07635c71268dc4f3928b023d5692e80c818b6,702,1328457.9995592788,"₹2,87,10,36,85,948.75",3848330271.4433017
0xcb8da26bb0edec467a57f38caab9c8f483a2e9c2,703,1327621.3167022606,"₹2,86,92,28,63,723.06",3845906535.075777
0x49ca963ef75bceba8e4a5f4ceab5fd326bef6123,704,1326712.5954984357,"₹2,86,72,64,72,713.93",3843274115.1436887
0xaec061ad03efa0e55e3f423ec3491ed7501511f1,705,1325447.5969570172,"₹2,86,45,30,83,759.16",3839609616.7689657
0xa5e84e96725eeb80ff86c7aec27938e0f91903bc,706,1324872.0269446012,"₹2,86,32,86,92,719.21",3837942282.5341988
0x1d28a703ab06bcef8666e4692fe63188b6fcbca2,707,1323878.1825272664,"₹2,86,11,39,05,051.43",3835063274.272287
0x0861009d3a25ff9b7becc6fd53b8a534d4792846,708,1323489.6320880374,"₹2,86,02,99,32,307.60",3833937705.8179107
0xa15a5fd5a3f99d52b5741476572dff8d5c96580c,710,1321059.5254196583,"₹2,85,50,47,42,514.65",3826898075.616683
0xe7449d1590d8f91bf9d79f845627ea3bec840483,711,1319731.854172927,"₹2,85,21,78,08,860.14",3823052024.442302
0x49468f702436d1e590895ffa7155bcd393ce52ae,712,1318099.126870037,"₹2,84,86,49,47,100.90",3818322274.6821985
0x859ba94ff84f45af63aef746e5bccb57734f03c8,713,1318026.9936868348,"₹2,84,84,93,57,821.61",3818113316.391771
0x7a30229cffd815a12889459bba1d57e4ab920f31,714,1317369.344313163,"₹2,84,70,72,27,954.27",3816208211.3801436
0x9d9de0f6410a89c5334d5221b4f2104ac87f16c0,715,1316788.894134205,"₹2,84,58,17,82,222.50",3814526740.0837307
0xe2cea50ba5a302a691b93692e74786d6484db295,717,1316272.4140284841,"₹2,84,47,01,61,575.01",3813030579.8542743
0x62d2ce72bb6a8f73438687c9de09b6f4796260f2,717,1314947.6115239665,"₹2,84,18,38,47,907.34",3809192838.9670873
0xe91cbc483a8fda6bc377ad8b8c717f386a93d349,730,1298237.795033071,"₹2,80,57,25,55,786.96",3760787174.1636014
0xc5f59709974262c4afacc5386287820bdbc7eb3a,716,1316316.3475929578,"₹2,84,47,96,56,409.09",3813157848.361184
0x55e1490a1878d0b61811726e2cb96560022e764c,720,1313333.4192126363,"₹2,83,83,49,91,893.40",3804516782.1119337
0xb2642bd041ff2c6c1f28a8b35c562b706be1c165,722,1311778.488107372,"₹2,83,49,89,43,292.79",3800012395.48896
0xf7f7d74ce9fc6626d629c6e90d9aaa359417dcb5,722,1311306.4434898207,"₹2,83,39,69,25,954.13",3798644957.7590523
0x15741cffe2d0ae820c23eb1512a0bc6e0d29f6d1,723,1311002.5695521152,"₹2,83,33,12,53,326.46",3797764683.5813494
0xc733fde6b0bbb7a628d365c4a27a9638a4a3bb24,724,1310737.6224875592,"₹2,83,27,39,93,496.77",3796997174.3268614
0x14ae8100ea85a11bbb36578f83ab1b5c1cfdd61c,725,1305508.4707548902,"₹2,82,14,38,79,682.61",3781849158.4215965
0x4ce8337424fab98500b48ba022d56cb25a4d088b,727,1304751.2351281662,"₹2,81,98,02,27,433.43",3779655567.968677
0x5c5b6cade3f45fca78aac5a9877f1b73c51300e3,729,1301948.2702399702,"₹2,81,37,44,56,267.72",3771535827.1619554
0x82ff9e428ad69f54f4c0251d13607af7da8bd91e,730,1298349.7652374562,"₹2,80,59,67,54,563.59",3761111533.930473
0xb8dc9d4bbeb6705fdba1f89458a4bc2a2066a6c9,731,1298303.8020326714,"₹2,80,58,68,21,087.70",3760978385.880324
0x58238fb14327505e8e4cf41d6e3ec2b8c25a4be4,732,1297179.941860306,"₹2,80,34,39,34,674.97",3757722742.7786093
0x7701adc43d5d3d8cb637d3ff6957a92325ba9d20,733,1296598.0987124473,"₹2,80,21,81,87,897.54",3756037236.274166
0xdf370df571f3d5099ccaf0b236caa08e4fe47c44,734,1295296.5906909616,"₹2,79,93,69,08,586.95",3752266975.7772055
0x9be313209be2bf005942d4ddbafececde5f18b30,735,1294554.918870803,"₹2,79,77,66,19,956.52",3750118471.181697
0x4d1f556f805a161812e5589816ee126022b6ff4a,736,1293555.2272856045,"₹2,79,56,05,68,610.51",3747222524.6100307
0x97db27c92bc776079f57bf26533111abc81af7ca,737,1293366.6474467863,"₹2,79,51,98,13,112.90",3746676238.9897485
0xa4c16f05f3be2661245103bfb4082733d0fe8098,738,1293283.4849533841,"₹2,79,50,18,40,201.16",3746435330.5523615
0x206d8389519e0029ae0a7b19f9382fa116af5c95,740,1292377.5757584611,"₹2,79,30,60,56,917.77",3743811056.5601406
0x19fffb371b95574df860e90b6a5b69256629b585,741,1292146.3722694917,"₹2,79,25,60,89,682.14",3743141297.0451546
0x1b378a53a0a21b44945fc1fcaaf82f4447e6a536,742,1291864.8588521453,"₹2,79,19,52,49,565.41",3742325797.7172484
0x05936f6a5ea9abfbfcc690f1a6140d97e80640f9,743,1287096.511160446,"₹2,78,16,47,23,798.97",3728512657.390027
0x12ec6a7952d62cb0d3336f6d00de26501c483718,744,1285168.4032445843,"₹2,77,74,80,24,972.41",3722927237.255042
0xfa0084b0be1a55523116223f56242ec470d21e1a,745,1285103.3999680385,"₹2,77,73,39,76,594.29",3722738933.163413
0x129b043520711c7bc94025b09bed6af74d35a372,746,1281720.2263876568,"₹2,77,00,28,11,886.45",3712938420.60882
0xbe13cdad7df8bd3c7f481b78ddb09314313c33e3,747,1280842.8037430719,"₹2,76,81,31,85,059.35",3710396667.5950804
0xf4e423ce220e4d9fedcfebcd755ff9d37dc244b2,748,1279855.222966755,"₹2,76,59,97,51,077.13",3707535804.0990148
0xa06ad2e0339375124d255f1fab201964ef707e18,749,1279133.4133837372,"₹2,76,44,37,55,033.67",3705444837.2265453
0x60ed33735c9c29ec2c26b8ec734e36d5b6fa1eab,750,1278621.388941841,"₹2,76,33,30,97,335.33",3703961584.342283
0x040da2c464933005b6d1ffeccec7fb4025dc9ddb,751,1277274.272804191,"₹2,76,04,19,61,289.90",3700059204.4300933
0x853122933448d4ecbb5403bc72605dadc1caab71,752,1276437.6457451454,"₹2,75,86,11,51,123.15",3697635629.700367
0x1bc9a8272b176b6d70342cd44839376ecebedddd,753,1274364.3672381798,"₹2,75,41,30,78,318.78",3691629673.590249
0xc883a79e8e4594c4f89434edb754a10da2311139,754,1273714.3981503085,"₹2,75,27,26,08,299.45",3689746817.13774
0x9798a6db2165624b367ab2da32fc676594b4ceb2,755,1273429.8285423652,"₹2,75,21,11,07,684.92",3688922464.5146656
0x401982cbe24f6eeeab77c463d5be0fc4c986be1b,757,1272163.6206310727,"₹2,74,93,74,57,363.55",3685254462.7889166
0x55a0730a844727bd694fd8f938a456158be0f8a6,759,1271578.4542262242,"₹2,74,81,09,92,370.46",3683559329.3406954
0xa6d3a33a1c66083859765b9d6e407d095a908193,760,1271463.064429436,"₹2,74,78,60,54,558.36",3683225063.561768
0x0514a89b8bac595e323603cc3c0a1cb765e99eb2,761,1271279.562773406,"₹2,74,74,63,96,547.46",3682693488.6245136
0x4e60c2e7181edfc5471c0cbc8d485706d1b35686,762,1270724.0246995415,"₹2,74,62,63,34,770.02",3681084183.71062
0xbf30d1a29d191c717e5d52a19dd572fd078336f1,763,1268493.2697476228,"₹2,74,14,42,28,471.32",3674622043.5357037
0x8b51c1ba09ee33e7649cac62ccb6d0f410f5647a,764,1265103.2423545746,"₹2,73,41,15,82,531.19",3664801676.582426
0x0d388658633418e8e51a7cf67c7059f863f053d9,765,1265016.381363091,"₹2,73,39,28,10,307.43",3664550054.1878567
0xdfd143ae8592e8e3c13aa3e401f72e1ca7deaed0,767,1264583.1924317877,"₹2,73,29,91,90,381.97",3663295175.1641
0x8ed4d3c67ee1a73f5df8ca3e10698f1cd4c5b14c,767,1263812.3468648214,"₹2,73,13,25,96,779.73",3661062158.8918896
0xdc4e118d239b49d3f3d9ec8f7dc9fc54023b6a2b,768,1263507.8760515589,"₹2,73,06,67,95,156.51",3660180155.661198
0xf428227b9679a938fa44dc09e0dbb38cb8e49e90,769,1261910.290123975,"₹2,72,72,15,28,081.01",3655552204.842736
0x9e68a58209ae4b04755ccecd2e24a9dd0470755e,770,1260183.7026514877,"₹2,72,34,83,81,449.63",3650550557.1889358
0x3109c5265cdeb23a806a7db74e59f476d7e5fd77,772,1259240.4714006989,"₹2,72,14,45,32,198.18",3647818167.172401
0xa2c11c0f1cfd4079532afe99fdc7c24c87b99ac6,773,1256457.4600846355,"₹2,71,54,30,73,358.57",3639756228.6715755
0x41a47ff6026f36773b145f40d7c735b0a633cee9,774,1256443.2517164664,"₹2,71,54,00,02,674.46",3639715069.3023286
0x577ff1df8c33f95c6180bcd7b56251a9d1f3422c,775,1253923.5301518396,"₹2,70,99,54,45,489.36",3632415839.0850554
0xbad2e817af781b6f1573d65409ddef24d9656f8b,776,1250459.338915546,"₹2,70,24,67,71,407.75",3622380631.3441105
0x0bd3d88aec644c098574c881c25e963d9f57ca57,777,1249693.9242614931,"₹2,70,08,13,51,523.55",3620163347.557664
0x765fa0ea95cc6954b546b844d17d757b5f523d09,778,1248659.0677019716,"₹2,69,85,77,00,393.61",3617165533.68178
0x0a53e28f2f7b27971e18a6305c2c74a449badd2e,779,1248150.1753607732,"₹2,69,74,77,19,598.62",3615691353.9921026
0xa8e23c9df598721bcced9f63d1af84e0b61006cc,780,1246283.2783149888,"₹2,69,34,42,49,542.88",3610283251.9539924
0xad31c65d25aad616479decdbc746efd597219d14,781,1246224.2262138366,"₹2,69,33,14,87,320.88",3610112187.4652905
0x0a0871c2ea6f24149758dc5bd1136d337b7f47b8,780,1246315.100977711,"₹2,69,35,11,26,993.10",3610375437.1162724
0x493a401122d858324517c5ec95145dc970c2c363,783,1245967.5261830958,"₹2,69,27,60,09,823.64",3609368568.548239
0xdd21500eba9c3a054161f3856c1c804953772176,784,1245070.1673864452,"₹2,69,08,20,74,435.22",3606769063.69175
0xda24f041a3dc3beaaa1105cc47087f1566037d21,785,1244899.560864204,"₹2,69,04,52,03,294.85",3606274843.8938613
0xeeff37a6178283cf1e7f8af8c1b00d1084250eba,787,1243544.0465939417,"₹2,68,75,22,52,261.79",3602348135.9351945
0x8cb377959625e693986c6adef82fff01d4d91af8,787,1241623.1657157869,"₹2,68,33,71,15,328.16",3596783651.3721204
0x290fbe4d4745f6b5267c209c92c8d81cebb5e9f0,788,1241567.679130615,"₹2,68,32,51,23,678.35",3596622915.612731
0x4595ff64328faf80a8cf0d52355639984b6af23c,789,1241523.67253187,"₹2,68,31,56,13,060.24",3596495435.5372224
0x6ab615cf8decfc488186e54066fc10589c9293a3,790,1237418.22409442,"₹2,67,42,83,51,754.84",3584602608.28568
0xb97bdcf85917f33918ece795dc365b8e0e29da47,791,1236749.2116741454,"₹2,67,28,37,66,128.59",3582664586.346132
0x59f94e83373a43b373308f9b4fc3c51eaa95eb2e,792,1236321.7622202616,"₹2,67,19,13,86,607.52",3581426333.6701427
0x000001f568875f378bf6d170b790967fe429c81a,793,1235057.3602166148,"₹2,66,91,81,26,575.29",3577763563.369899
0x13d33c9f2f3e7f8f14b1ee0988f4dc929ee87a92,795,1233959.6955955664,"₹2,66,68,09,01,492.72",3574583804.589061
0x0a2542a170aa02b96b588aa3af8b09ab22a9d7ac,796,1232383.8907495453,"₹2,66,34,03,41,701.01",3570018950.078913
0xff0cb0351a356ad16987e5809a8daaaf34f5adbe,797,1230942.0895249809,"₹2,66,02,87,42,503.96",3565842282.619546
0x88e092adf7039676e6e16fb825004002f35763b2,797,1229006.0849152314,"₹2,65,61,03,37,059.71",3560233987.0258393
0x7240a22e4c7cfa7ff851a4b38ef37b36136f5789,798,1222649.0601279878,"₹2,64,23,64,69,576.74",3541818703.3411603
0xf5993d2217ab9d7f1d685a21524449108b34ff69,801,1219167.3437105434,"₹2,63,48,40,07,988.04",3531732727.9544506
0x4ecf4bc90510794f5a4074136efb716485ae0da1,801,1218330.6520056638,"₹2,63,30,31,83,850.16",3529308965.9560876
0x6d6a443ed637a23b0fc3a0e55a07e785a6b0caa8,802,1218091.4990539197,"₹2,63,25,14,98,592.54",3528616178.119357
0x94bfb1fa83a78de2856dc7c3273ca7e37522ad6c,804,1217869.9854927037,"₹2,63,20,36,25,524.71",3527974488.774684
0xa52d736af59a7e908374333ff8eb3cc323221377,805,1217866.270528323,"₹2,63,20,28,22,654.04",3527963727.1172676
0x82d2f6d6c1980abd6aa68b535ce55fa911d7c64c,806,1217857.963974397,"₹2,63,20,10,27,458.22",3527939664.359592
0x055ad5e56c11c0ef55818155c69ed9ba2f4b3e90,805,1217886.7841470118,"₹2,63,20,72,56,016.28",3528023151.7884297
0x06e63138f3241a420829bc125e6cb6bebf88c2c2,809,1217350.1778238055,"₹2,63,09,12,85,730.93",3526468689.127113
0xb394f1aa30ba874df3ae6097bf4c2474b2d8f3ac,809,1216157.720241489,"₹2,62,83,35,74,183.15",3523014330.3043547
0x285ce8250bda19425cafe86297ed5a08bac5d8e3,810,1215697.5098692838,"₹2,62,73,41,14,437.93",3521681174.489736
0x6ca7efa27a128296a439a83df0bf0fd06948e9a2,811,1215429.9310569784,"₹2,62,67,62,85,840.17",3520906041.4830976
0x26732399f47e00739d2b4b0451acc3f93f7e3a14,812,1214781.070605846,"₹2,62,53,60,55,417.19",3519026396.5738387
0xddf767f258adf0af89896621349cadcf8722f771,794,1233994.4144879836,"₹2,66,68,84,04,870.31",3574684379.6653705
0x4880faf3b9950ef0a9389197e65d6573aa1be977,814,1213472.164389696,"₹2,62,25,31,77,223.57",3515234704.690647
0xa07737951d1c32a86e3dfa8214430d7ec2682806,815,1212465.5891602943,"₹2,62,03,56,38,198.14",3512318817.3031073
0x7b66d27825cd8fd2d9748221d7e06c10072b6e36,816,1211853.682108194,"₹2,61,90,33,94,069.86",3510546220.478301
0xa25803ab86a327786bb59395fc0164d826b98298,818,1207569.1801098438,"₹2,60,97,74,36,066.98",3498134703.7094
0x99a811e5c62add613975456292f836115aea0164,819,1207190.1139295415,"₹2,60,89,55,13,042.22",3497036609.6356535
0x7b4f0c7a4ad697cc3420fd2adabc1f351b6b0c90,820,1205808.7858552712,"₹2,60,59,69,83,181.47",3493035123.216984
0x719a554dc0108aab796e1cadb9bae64e42edb7d4,821,1204239.8269502728,"₹2,60,25,79,02,920.84",3488490100.3026285
0x91cda41a25057b30cd003dde076dc91f7a9cb6d9,822,1204180.88671719,"₹2,60,24,51,64,875.55",3488319359.877825
0xc0b9c3c9890ff4b7b5264d36c911781890a9b32f,823,1203539.1532346157,"₹2,60,10,64,74,718.76",3486460360.656164
0xa8d04cd4e1951291740ef977d56336fdc7f394c5,824,1203403.0373757314,"₹2,60,07,70,57,631.57",3486066054.791514
0xe7dcc040debda16f385e02c11fe3b7be779aa145,821,1204378.0499740115,"₹2,60,28,77,75,404.28",3488890510.2867155
0x76b704fd0d9bb603f3c1afcff9d022fb224893c0,826,1200604.971247992,"₹2,59,47,23,45,176.17",3477960504.910033
0xc0bf18a6cfaf6737a097566b15089f354b3365e1,827,1199176.5833629076,"₹2,59,16,36,44,843.22",3473822693.7490053
0x95081b2071cb069989d56817bada7df33bba77b1,830,1197953.916605333,"₹2,58,89,94,04,548.91",3470280823.778993
0xb52343dbb87db123289ebbd6d8277ce9f1b71ca1,831,1196713.8861151445,"₹2,58,63,14,11,639.43",3466688653.853795
0x4e2e67836d10b02b1dce78591af6dfd1e2d7bcba,832,1194989.372084244,"₹2,58,25,87,13,116.10",3461693012.6285214
0xcb450c8e269b8b96c944bc5b19c51100bdb4139b,833,1194494.4505669258,"₹2,58,15,17,51,667.62",3460259304.1802936
0xa106338772931be6b4feb671c2fb1c3c1994c892,834,1194414.3327537915,"₹2,58,13,44,36,766.08",3460027215.6944933
0x186980d30a5b7ee4b81114beff6351c94bc332f8,835,1193120.091010144,"₹2,57,85,47,27,828.93",3456278004.441826
0xda1ec4da97019972759feda1285878b97fdcc014,836,1192455.977506529,"₹2,57,71,12,00,946.76",3454354173.880014
0x718fcce4e82de60b85c45f70d3ff735fa1461bc2,837,1192398.2940649327,"₹2,57,69,87,34,516.73",3454187074.17906
0x8adc269827c9cba96bae388a1e023acdab7f622d,838,1191642.9947907852,"₹2,57,53,55,00,748.19",3451999093.0297384
0x1d4b9b250b1bd41daa35d94bf9204ec1b0494ee3,839,1191415.4715209233,"₹2,57,48,63,28,874.16",3451339994.520672
0x904778b44bd12a1f7c3f1b95ff3381a952296cd1,840,1190062.6511043545,"₹2,57,19,39,60,031.37",3447421090.2251387
0xbd302b98060febeaac5234ad092ae5ee08d8fdb8,841,1188995.5754976603,"₹2,56,96,33,45,785.40",3444329942.9246426
0xad8357353ddf8095dd01376be71462d27db8cffe,842,1188749.7429850262,"₹2,56,91,02,16,954.44",3443617805.4687433
0x3496470968dcc506578c27499a8506a44254e392,843,1187567.696381637,"₹2,56,65,47,55,406.61",3440193605.586181
0x2fd6a5b40fe31949270d210469d732b6a50f901a,844,1187257.1207517881,"₹2,56,58,76,34,422.63",3439293917.6786103
0x801b68cc9f4fb094a28b30ca25664051e50ad3a9,845,1186554.3421791664,"₹2,56,43,57,51,323.08",3437258080.5982966
0xac3b04591aeb4ab599c09207cbfafbab53d9074f,846,1185762.4423932915,"₹2,56,26,46,07,525.15",3434964073.622583
0x27999df69861adea01816072873f71dbaee343cb,847,1184803.9903759155,"₹2,56,05,74,68,792.06",3432187591.4805675
0xdfc05563f947718ca9ebd9e685022a200a5075c8,848,1182699.0159855834,"₹2,55,60,25,45,936.77",3426089817.4676776
0xc0ac56cf556b41da25354cc0199200bf36f79ccc,849,1179933.092295617,"₹2,55,00,47,80,040.74",3418077379.0856357
0x536c73c5b43f878343baf6a4f339c3c381ea03ee,850,1179766.2501235248,"₹2,54,96,87,22,444.20",3417594064.0078316
0x049ae3487543dcd0d3ce5329d713e3a8e6aa1f20,851,1179117.0619527523,"₹2,54,82,84,21,195.10",3415713469.747211
0x0154d25120ed20a516fe43991702e7463c5a6f6e,852,1178800.5222755533,"₹2,54,76,00,11,273.15",3414796504.9487143
0x2423b65c54bcf69633752c388185c431da74dbba,853,1176888.6746768318,"₹2,54,34,68,26,593.81",3409258188.3508334
0x653c7c5d8b14e0b2b261ed1fcfd652eea0496376,854,1175746.8133256724,"₹2,54,10,00,49,802.32",3405950398.714341
0x1dc9fb024fda92a8f409f21bdf2c7d46d11315be,855,1172659.2177986694,"₹2,53,43,27,64,832.21",3397006128.4878974
0x40c839b831c90173dc7fbce49a25274a4688ddd9,856,1171960.9554987978,"₹2,53,28,18,57,780.49",3394983374.3271375
0xa685291af7b258ce10d7135f6dd3ab44bd94ebfc,857,1171614.456892812,"₹2,53,20,69,73,194.76",3393979623.3053737
0xbdd95abe8a7694ccd77143376b0fbea183e6a740,858,1171109.0184644181,"₹2,53,09,77,38,852.49",3392515449.0484653
0xc7fd4177a0b30f0d1001da363646a661cd104802,858,1170945.6607222322,"₹2,53,06,24,34,303.97",3392042227.806591
0x5a2104bc01e23613d2be2b7c6b1625ea81ce6452,860,1170891.153262723,"₹2,53,05,06,54,260.83",3391884328.417587
0xd8ab491e7e0727d71525dad99717627951a87680,860,1168606.6879529196,"₹2,52,55,69,40,187.01",3385266597.929536
0x0f576fe0a916ca39ee929f0cc956cfc9d2a59c12,861,1168373.9506094118,"₹2,52,50,66,41,457.80",3384592395.083369
0xe3e182bc39951f99af86d8cd0c42a4b7c4cd93f7,862,1168358.6217674466,"₹2,52,50,33,28,619.14",3384547989.8808103
0x97d1f3d2f19269fffe173bd917bfd87c1e61167e,865,1164640.0765596756,"₹2,51,69,96,84,065.92",3373775959.3811307
0x0a690b298f84d12414f5c8db7de1ece5a4605877,865,1163867.5503144402,"₹2,51,53,27,27,238.86",3371538074.452883
0xdf22d5ad44646b29ff2f65cb462ee862797f2a60,866,1163611.8455373228,"₹2,51,47,74,64,833.84",3370797338.6263385
0xace72fdb7d4ac44b15c4d8d6bd6f3393c66f4b44,868,1163537.2963007442,"₹2,51,46,13,53,401.92",3370581381.415848
0xc6bace116f5b9e5bdbc8c03cefd96027927ffa5a,868,1160947.301553285,"₹2,50,90,16,08,917.09",3363078581.031618
0x7772881a615cd2d326ebe0475a78f9d2963074b7,870,1157693.2445914245,"₹2,50,19,83,48,634.61",3353652098.6622224
0xbf8f78b19307062aa89beadf8d38f6e2bb33e795,871,1154798.4563790667,"₹2,49,57,27,32,795.73",3345266360.3771358
0x4026b3da349c2952255ca9db4f055ea57f4e037c,872,1154630.2951852556,"₹2,49,53,63,90,134.85",3344779224.3044558
0x3686a4b272c646ef6fbe34377337d95db7356e63,874,1151674.951513781,"₹2,48,89,76,87,171.26",3336218066.5431814
0x80de2f874067b092bcb914144efbe1b54a731f4d,875,1151120.3972634806,"₹2,48,77,78,38,015.79",3334611611.6087413
0xc4505db8cc490767fa6f4b6f0f2bdd668b357a5d,876,1150470.0371576075,"₹2,48,63,72,83,490.43",3332727622.439644
0xfd22004806a6846ea67ad883356be810f0428793,877,1148848.2887520993,"₹2,48,28,67,94,468.53",3328029676.7886314
0x0e616785638663c88a493a82972e2f9cadaab4bc,879,1148152.4728229633,"₹2,48,13,64,16,121.55",3326014009.3724732
0x984345bc762a71e892eae1a0db6bba9f8f609886,879,1148243.7699963928,"₹2,48,15,61,47,084.08",3326278482.6763506
0x6186290b28d511bff971631c916244a9fc539cfe,880,1147818.9256848681,"₹2,48,06,43,30,581.16",3325047776.6809535
0x4b20ccfa9416da26f70106c9314bff8a5d12f99f,881,1147410.172915354,"₹2,47,97,59,91,750.12",3323863685.308114
0x1c051112075feaee33bcdbe0984c2bb0db53cf47,882,1146607.276216597,"₹2,47,80,24,71,321.38",3321537822.0352874
0xcb76e303fb99849349a13eb8642bebed2d84eca6,883,1145799.158610316,"₹2,47,62,78,22,560.54",3319196834.628708
0x084334dff715245ee583d8042d567579fe6ce52c,884,1145128.345071333,"₹2,47,48,28,47,680.13",3317253595.1364403
0x23ec14a548017f65f91f6cb65f159347453f048b,885,1144938.433411955,"₹2,47,44,18,04,352.12",3316703451.4450874
0xbdaf053e8cd9c7ee9a111ae1cf2059a7355fe987,886,1143486.2889894897,"₹2,47,12,79,69,803.83",3312496821.396313
0x113ee41d97416d0afb2915e9c4ed6d4a4e9c299b,887,1142017.1033111152,"₹2,46,81,04,52,333.39",3308240825.555771
0x1fef500586a301d843a8049b6fefb920b4888513,888,1141388.835760812,"₹2,46,67,46,72,406.96",3306420834.985351
0x55868e88a55c414ecc3603e6bddbafc8f2085a73,889,1140740.397420901,"₹2,46,53,45,33,209.81",3304542412.8647633
0xc2c3ee91eab156876001a4ddacdb7aa8a07c2e98,891,1140194.568556383,"₹2,46,41,65,69,767.27",3302961233.976873
0x5d152dd902cc9198b97e5b6cf5fc23a8e4330180,892,1139286.698359801,"₹2,46,22,03,62,676.12",3300331279.276606
0x2874c4e9cb5f183ef3d8adfa6d6bbd584dc67842,893,1137733.9024398648,"₹2,45,88,47,75,527.50",3295833077.943898
0xbaef5faf86a1c67474cafd6c5e419a508bdf6ea8,894,1137486.4094324,"₹2,45,83,12,87,833.71",3295116130.3001537
0x56c92fd14d2acf285ce03628c5d71d57641fb560,895,1137033.691956604,"₹2,45,73,34,47,438.28",3293804680.2075686
0xa868dde4cca94d98207cce2df66ebdca74315b5a,896,1136885.6941309532,"₹2,45,70,14,62,444.19",3293375954.186311
0xca598fb4885ff4322697de1dc111a00159380775,898,1135796.7320165643,"₹2,45,46,61,18,129.96",3290221405.1748643
0x525ba4df7a01110aa73ee109911d938109537dfd,898,1135742.8165428904,"₹2,45,45,44,66,025.62",3290065220.6741066
0xf5a4ba515dd36a42e9634a3ac1f1c58fa24d3acd,900,1135441.9033653436,"₹2,45,38,94,33,271.51",3289193523.344862
0xd83e662b83880081741d0e810c3fe8630fa6cb4d,902,1134509.167238555,"₹2,45,18,78,52,205.26",3286491536.0233355
0x4e6c5a05490ca195e0826e53dbf843fa37242cd3,901,1134390.8452291465,"₹2,45,16,22,80,689.23",3286148776.093601
0x7d81ebcc3234125c1ebd5ceb82b1ba53c3a26887,902,1132803.581241801,"₹2,44,81,92,44,370.82",3281550726.2844987
0x66fe05d3febfd4b17f009f036f4135c18d9e22e3,903,1132263.0167417678,"₹2,44,70,24,18,652.20",3279984797.418223
0xeca588e75c8eb0d2322f52c2c90bd525c5a5d93d,904,1132402.130516475,"₹2,44,73,24,83,642.96",3280387787.7653456
0x131cce1a0b5a342bf99945285037bf791c6693ad,905,1129560.9057046764,"₹2,44,11,84,43,819.08",3272157214.081535
0x21a0a2699f69b3673050b61e302fcab5f9a980be,906,1127731.0392852663,"₹2,43,72,29,76,748.25",3266856383.843131
0x6a8b40fb25a90a09151453aa79d569a7279f1ff6,907,1126857.2875526433,"₹2,43,53,41,43,271.30",3264325264.8739996
0x7efa4d250881d7a19bb34586f96388bd28646d97,908,1125333.6337227705,"₹2,43,20,48,54,252.90",3259911483.5134706
0xdfa9e3c0d705c3bf0efd3872bd3e3e9136d92a61,909,1123715.3528526984,"₹2,42,85,51,14,627.82",3255223582.757811
0x35e3564c86bc0b5548a3be3a9a1e71eb1455fad2,910,1123031.290649298,"₹2,42,70,72,76,472.54",3253241964.004513
0x98d365a3df9711603dd2ab52bf45b16796336726,911,1122320.8237363664,"₹2,42,55,37,31,784.26",3251183855.0324554
0xaf07d2587bad3d12d53dd053acd174dbb6479c94,912,1122234.2792047088,"₹2,42,53,50,27,953.16",3250933149.371369
0x7807ee65d24a6b845823db1191b0c938dc984cf4,913,1121624.9426771728,"₹2,42,40,33,39,361.51",3249167998.9449415
0x32606c4aa95ea78d7c5b1e0e347e3e9ae451434e,914,1121565.083001875,"₹2,42,39,04,02,608.20",3248994595.043152
0x77f6821146cce5993282d940eef472c4b09d7537,915,1121354.0056460018,"₹2,42,34,47,84,992.20",3248383137.715564
0xb5e6acc6cbb5d712a96fcc7a8fe25a69f10ecf4c,916,1120669.7770224463,"₹2,42,19,69,10,870.54",3246401036.8697033
0xb6cf25f5cf8a1e1727d988facdd47f1dfc492caf,917,1118938.3687242786,"₹2,41,82,27,22,371.95",3241385424.0552397
0xe35c3d08163da9bd4efa00879a78504d69820b5c,916,1118938.897822347,"₹2,41,82,28,36,719.57",3241386956.767688
0xaaa3f05f25eed87ee3a268f4582ec914e6245577,919,1118155.5796193685,"₹2,41,65,35,47,556.18",3239117809.2645717
0x16ad4e68c2e1d312c01098d3e1cfc633b90dff46,919,1117671.0349781339,"₹2,41,54,88,28,737.40",3237714160.9660573
0xb35d334b94e76e2e80b186f21ec9887084ae1591,921,1116923.7267136667,"₹2,41,38,73,21,969.90",3235549328.4932184
0x7ee84e6fa0d1199a6527f4de8f0e26b8bdd93ef3,922,1116809.640222601,"₹2,41,36,26,65,825.63",3235218838.1824393
0x87af1f18430654a9fec1453b8e15d66831e9d4ca,923,1116406.2085198956,"₹2,41,27,54,76,972.90",3234050161.088774
0x9674ede5eb609f9483dd1682f2160ec45105250d,924,1116313.8517927446,"₹2,41,25,55,17,021.74",3233782618.4272943
0x15cd2c66a0a8426dfbe51fb58d17afe6b6830f94,923,1116117.454450564,"₹2,41,21,30,72,020.95",3233213686.7505717
0x34805e6a3796fb04e82183667a78c2f7bff29170,926,1115810.4765527938,"₹2,41,14,67,28,571.64",3232324420.8971953
0x07bc799b3b0ee99cb6129105b733d3bdad932a79,926,1115616.8449298511,"₹2,41,10,48,81,292.55",3231763501.0665903
0xa53cf9e377334e7da7550e644b815cc5cb74af23,928,1115519.3056317533,"₹2,41,08,38,01,294.52",3231480945.326288
0x8682a78ea82bd94c3e250539079119b6eef132db,929,1115213.6813668495,"₹2,41,01,77,50,389.64",3230595600.7307444
0x689e9cace83136fbbd526f45bd6976ae33906f1b,930,1115033.4673762822,"₹2,40,97,88,02,902.43",3230073549.6343093
0xb10004a5faf2c1e72548f3c9c69947e9af01a622,931,1114862.1805852335,"₹2,40,94,17,84,743.72",3229577359.206528
0x123432244443b54409430979df8333f9308a6040,932,1113998.2059736587,"₹2,40,75,50,64,278.62",3227074562.9927335
0xd2defb6e985d33e2dc1df78fd37d1b3befc95794,933,1113838.87785091,"₹2,40,72,06,30,603.38",3226613014.91363
0xa71410d2b0882c6416edd918a7ac51c492ee8d82,934,1112976.5366714112,"₹2,40,53,42,63,152.35",3224114950.491211
0x96273e7d96f65141eaea8a1c0e7dacc889d404be,935,1112597.9224479257,"₹2,40,45,24,37,803.60",3223018165.664049
0x71710e1a6b5e5440f2822577698955aff74fd831,936,1112315.1556885077,"₹2,40,39,13,26,817.09",3222199035.6046968
0x4851512de5bd4d035a56eb95bb4709452091cac7,937,1112190.9085244415,"₹2,40,36,44,74,768.49",3221839111.4499435
0xde2090a25dc8b637517392dfdee7c40e8c6e68ca,937,1111963.3755697047,"₹2,40,31,53,00,801.37",3221179984.8853436
0xc53f977136e1aa9031343fad39dcb4c11a1eb3c6,938,1111930.003934623,"₹2,40,30,80,88,590.34",3221083312.5979733
0xc3c14f31c8db2417d1695fa6c8bebe8f2804677e,939,1111778.3893076545,"₹2,40,27,53,21,940.39",3220644109.2819858
0x7338afb07db145220849b04a45243956f20b14d9,941,1111119.7472192955,"₹2,40,13,29,77,529.54",3218736128.5347443
0x044155f2a0986842825186b7293a1bd13f933846,941,1110741.932669735,"₹2,40,05,13,25,004.72",3217641660.2349954
0xa212b52f72b7434cd8a8bc8f06c1e6b84afb7979,943,1110468.7012348943,"₹2,39,99,22,74,773.48",3216850152.4852915
0x01a23eba5023064d505dd45fbfa683a601c7685b,943,1110254.8562505688,"₹2,39,94,60,59,023.16",3216230677.7808976
0x541d7bbcfb54c9d159ec7957beccfbf3f958994f,945,1110020.715510802,"₹2,39,89,54,56,994.76",3215552409.5203123
0x35896365927c18173aa8ef593d673177f15a8022,947,1106276.9022258571,"₹2,39,08,63,51,555.25",3204707181.443952
0xdb76605f1fdd6c779e159e58b50e2d1e6f948937,947,1105662.135115419,"₹2,38,95,34,89,316.87",3202926299.4877505
0x5f1c528dff93643d004d9e0b20b25ceb2c596833,949,1102784.896333408,"₹2,38,33,16,66,225.78",3194591399.09447
0x3b6c6115aeafad8bf1b93bb3ba6d34d7972d31ba,950,1102411.9712505839,"₹2,38,25,10,70,402.73",3193511094.7975416
0xd7c318e9f9129239f6ba4e10994137113dcf6244,950,1102016.8655919784,"₹2,38,16,56,80,958.01",3192366536.921467
0xbea020c3bd417f30de4d6bd05b0ed310ac586cc0,952,1101807.5965983975,"₹2,38,12,04,54,161.65",3191760318.1301017
0xc3bed4188d1bd139b346bf1c1ef339f14b144e93,952,1101285.4453299977,"₹2,38,00,76,07,873.83",3190247729.449751
0x0b8202f0e0f992a6b8fca17628349583de1f7c78,953,1100291.9358197155,"₹2,37,79,28,92,585.49",3187369691.359985
0x3db25637a35d89bbb8e6fa4c616d4a07926b7664,955,1100235.7806282993,"₹2,37,78,07,56,437.83",3187207018.755283
0x4216d0356032488c89e3e40e18a018b63f3cad05,956,1100231.852222147,"₹2,37,77,99,07,438.55",3187195638.7912045
0xded1702a5f96ba887168331f551c4a72c32510c9,956,1099707.0760468494,"₹2,37,66,64,93,861.09",3185675446.175555
0xd76b1397e35a246da57b9b5d350a5344db1f6541,958,1099236.2767315381,"₹2,37,56,47,45,654.67",3184311615.886989
0x85560dbef2533eec139b3e206b119fd700f90262,959,1097859.5947862065,"₹2,37,26,72,19,906.01",3180323588.5604744
0x91364516d3cad16e1666261dbdbb39c881dbe9ee,960,1097655.7699689558,"₹2,37,22,31,69,694.15",3179733140.67687
0x28f8ca3b0eddd849c93986df0fd194252c4e4b03,961,1097503.096331314,"₹2,37,19,01,74,172.93",3179290869.5764036
0xe6a9d0539fabe0fda237c3c4bafeae2042b06e67,961,1095487.2162823412,"₹2,36,75,45,06,208.51",3173451187.6153374
0x2e21f5d32841cf8c7da805185a041400bf15f21a,963,1094722.269752777,"₹2,36,58,91,87,494.43",3171235259.9106345
0xc16414ac1fedfdac4f8a09674d994e1bbb9d7113,964,1093612.4327998003,"₹2,36,34,93,31,751.83",3168020239.8317738
0x4caea55b3636b61d4efb7ab18ade022febd9e455,965,1092645.3993593429,"₹2,36,14,03,38,418.74",3165218898.680119
0x762b35b809ac4266beb076ff0f28547ad571201e,966,1089827.8788463115,"₹2,35,53,14,21,520.51",3157056992.557149
0x1288e3dad9deb275deb8793f5e206ab17bf11224,966,1089134.0251596654,"₹2,35,38,14,67,249.46",3155047009.4435253
0xfe83a0a06d830e9e2119522538f8b440ebd42ff5,967,1089095.9354968695,"₹2,35,37,32,35,387.71",3154936669.7847514
0x36ed2d75a82e180e0871456b15c239b73b4ee9f4,970,1088832.6739520824,"₹2,35,31,63,39,829.18",3154174043.2113504
0x38a161d47f01b375f505fcb13e73a315819c7eb3,971,1088358.9069680993,"₹2,35,21,39,50,256.13",3152801616.061469
0xdc78107155918e230246439e4159fea4c477eae9,971,1086507.6439528682,"₹2,34,81,38,58,995.81",3147438803.308427
0x392a39b2f0d21c2bafbcb818239d0403d49aba2f,973,1085148.259869098,"₹2,34,52,00,71,626.39",3143500885.119198
0x1e32a859d69dde58d03820f8f138c99b688d132f,974,1084711.8637422677,"₹2,34,42,57,58,568.25",3142236715.363151
0x9616e39917f7c0293e436ce044d101dad3a391c7,975,1084147.1259580643,"₹2,34,30,37,08,567.80",3140600760.360359
0x910ca5528ff6de3e72c7979ee2abc1a4400d77e4,976,1083826.2198612853,"₹2,34,23,43,54,983.98",3139671146.7429657
0x396eec3f24e435571c3b700d7d1f39e2b3b39024,977,1080551.3358203415,"₹2,33,52,65,93,594.82",3130184331.6577983
0x2326d4fb2737666dda96bd6314e3d4418246cfe8,978,1080407.044008557,"₹2,33,49,54,09,537.04",3129766341.3657484
0x5c9e034967af745c96739bc63c5fa9bc402e3529,979,1079634.529136957,"₹2,33,32,84,55,168.02",3127528489.3851023
0xe920ba2d30e812fcb02004b0253ebe168c623c66,976,1080765.2109999775,"₹2,33,57,28,15,870.89",3130803893.833175
0xf696ab3e4f9d52482b8350ffae67d21fda78e601,980,1077838.410645956,"₹2,32,94,02,81,631.98",3122325421.495631
0xbcd3640e5c709cae6da49180dc60e49783c7082d,982,1077458.9800953316,"₹2,32,85,82,79,860.24",3121226271.8993607
0x47380e281612f7194d363447cd346bb0764d304b,984,1076521.733946152,"₹2,32,65,57,24,096.97",3118511219.764571
0xda37896e56f12d640230a9e5115756a5cda9a581,984,1076496.859263383,"₹2,32,65,03,48,230.28",3118439161.788539
0x6d790d9e11e8bf869cb4c8d800f5fe57d94fb8e7,986,1075989.292367312,"₹2,32,54,06,53,887.84",3116968821.701324
0x6b20b16f43eca32b07fc255420c345adb9e00ee6,987,1075453.6800199058,"₹2,32,42,48,98,418.54",3115417238.428864
0x5b83ac19637d3bd535623fc1a6e5b872d46ac120,988,1074770.5400173164,"₹2,32,27,72,59,567.46",3113438291.143763
0x46e449a3f88d0e35b4520bc36e8dfda195c896b0,989,1074226.7933615923,"₹2,32,15,97,46,127.72",3111863144.0815954
0x7e5b399e254665590266ac6a9e2a1e3336576cc0,990,1074043.975034096,"₹2,32,12,02,35,796.42",3111333548.637771
0xfc3e9a8d5090357d8b25013da0417314e80b01d4,990,1073565.847785445,"₹2,32,01,69,03,891.69",3109948490.4987884
0x0cbe1fba05102c34365a742af159efc5a93d1a68,991,1071260.3258861972,"₹2,31,51,86,39,109.87",3103269762.4401717
0x514ce3f21da8946886189699a0b1be0dccd69c4c,994,1070713.4563326703,"₹2,31,40,04,50,755.70",3101685568.842733
0x68bb9fdd68c692def11f1351c73ee1af798540d4,995,1070218.0670945365,"₹2,31,29,33,88,224.34",3100250505.482137
0xf24ace492753975d5625c1ddd393c103e8c8ce55,995,1070090.4351302139,"₹2,31,26,58,04,659.47",3099880776.1026087
0x53ede7cae3eb6a7d11429fe589c0278c9acbe21a,997,1069119.0243341117,"₹2,31,05,58,65,301.04",3097066754.4520283
0x75fa823ae67eff7c1a8f34b39672cd22bf2c46ba,998,1069087.7491071268,"₹2,31,04,91,06,161.53",3096976155.1234894
0xa9d748a28a713ecc751de04fee994f3bc1f19eb7,999,1067245.863552932,"₹2,30,65,10,41,539.33",3091640507.3746753
0x3d5569d3e5f4ebd45a1fb243d479d174c83f583f,1000,1067178.6432236286,"₹2,30,63,65,14,016.20",3091445780.8359365
